species,lon,lat,n,
1,Campomanesia adamantium,-51.126944,-30.0525,1
2,Campomanesia adamantium,-56.01667,-25.45,1
3,Campomanesia adamantium,-55,-25.5,1
4,Campomanesia adamantium,-51.45806,-25.39556,1
5,Campomanesia adamantium,-51.177222,-25.746389,1
6,Campomanesia adamantium,-49.83333,-25.41666,1
7,Campomanesia adamantium,-49.236111,-25.545,1
8,Campomanesia adamantium,-57.15,-25.3,1
9,Campomanesia adamantium,-56,-25.16667,1
10,Campomanesia adamantium,-54.58333,-25.3,1
11,Campomanesia adamantium,-51.487728,-25.38507,1
12,Campomanesia adamantium,-50.254167,-24.578944,1
13,Campomanesia adamantium,-50.014667,-24.469944,1
14,Campomanesia adamantium,-49.2333,-25.2833,1
15,Campomanesia adamantium,-57.43333,-23.43333,1
16,Campomanesia adamantium,-55.45,-23.9,1
17,Campomanesia adamantium,-54.566667,-23.733333,1
18,Campomanesia adamantium,-52.60472,-23.66333,1
19,Campomanesia adamantium,-50.975556,-23.540833,1
20,Campomanesia adamantium,-49.660556,-24.319167,1
21,Campomanesia adamantium,-49.068333,-24.076389,1
22,Campomanesia adamantium,-47.9653,-24.07,1
23,Campomanesia adamantium,-46.820441,-23.789069,1
24,Campomanesia adamantium,-58.1689,-23.2025,1
25,Campomanesia adamantium,-57,-23,1
26,Campomanesia adamantium,-56.03333,-22.63333,1
27,Campomanesia adamantium,-55.2167,-23.0833,1
28,Campomanesia adamantium,-51.3148,-22.4778,1
29,Campomanesia adamantium,-50.5832,-23.3227,1
30,Campomanesia adamantium,-50.0583,-22.5755,1
31,Campomanesia adamantium,-49.0459,-22.6065,1
32,Campomanesia adamantium,-47.983889,-22.570556,1
33,Campomanesia adamantium,-47.0028,-23.1468,1
34,Campomanesia adamantium,-45.6195,-23.0661,1
35,Campomanesia adamantium,-57.56667,-22.28333,1
36,Campomanesia adamantium,-56.525886,-22.082509,1
37,Campomanesia adamantium,-56.2,-22.38333,1
38,Campomanesia adamantium,-54.65,-21.85,1
39,Campomanesia adamantium,-53.433333,-22.15,1
40,Campomanesia adamantium,-50.9788,-22.3714,1
41,Campomanesia adamantium,-49.9451,-21.4,1
42,Campomanesia adamantium,-48.4672,-22.0216,1
43,Campomanesia adamantium,-48.0649,-22.0461,1
44,Campomanesia adamantium,-47.1725,-22.3303,1
45,Campomanesia adamantium,-44.343972,-21.589944,1
46,Campomanesia adamantium,-56.765556,-21.2125,1
47,Campomanesia adamantium,-55.8,-20.5167,1
48,Campomanesia adamantium,-54.616389,-20.416111,1
49,Campomanesia adamantium,-53.433333,-20.45,1
50,Campomanesia adamantium,-53.130278,-21.105833,1
51,Campomanesia adamantium,-51.787777,-21.030833,1
52,Campomanesia adamantium,-49.9288,-21.3682,1
53,Campomanesia adamantium,-48.8699,-20.4859,1
54,Campomanesia adamantium,-43.548611,-20.805278,1
55,Campomanesia adamantium,-56.440555,-20.357778,1
56,Campomanesia adamantium,-55.733333,-20.038611,1
57,Campomanesia adamantium,-55.243055,-19.774722,1
58,Campomanesia adamantium,-53.668056,-20.015278,1
59,Campomanesia adamantium,-51.666667,-20.25,1
60,Campomanesia adamantium,-48.7095,-20.2457,1
61,Campomanesia adamantium,-47.4381,-20.0858,1
62,Campomanesia adamantium,-47.018889,-20.102222,1
63,Campomanesia adamantium,-44.34982,-20.120416,1
64,Campomanesia adamantium,-43.93778,-19.92083,1
65,Campomanesia adamantium,-43.231869,-19.605978,1
66,Campomanesia adamantium,-55.25,-18.7,1
67,Campomanesia adamantium,-54.483333,-19.219167,1
68,Campomanesia adamantium,-54.083333,-19.1,1
69,Campomanesia adamantium,-52.573889,-18.428333,1
70,Campomanesia adamantium,-51.995278,-18.439444,1
71,Campomanesia adamantium,-51.141389,-18.583889,1
72,Campomanesia adamantium,-48.356111,-18.792777,1
73,Campomanesia adamantium,-47.9167,-19.0333,1
74,Campomanesia adamantium,-46.450278,-18.674167,1
75,Campomanesia adamantium,-45.44222,-18.78778,1
76,Campomanesia adamantium,-44.757778,-19.083333,1
77,Campomanesia adamantium,-43.4863889,-18.4347222,1
78,Campomanesia adamantium,-43.155556,-19.358333,1
79,Campomanesia adamantium,-53.659444,-18.121111,1
80,Campomanesia adamantium,-52.65,-17.816667,1
81,Campomanesia adamantium,-51.734167,-17.860556,1
82,Campomanesia adamantium,-50.949722,-18.0775,1
83,Campomanesia adamantium,-49.35444,-18.01278,1
84,Campomanesia adamantium,-48.388144,-17.888817,1
85,Campomanesia adamantium,-47.856667,-18.034167,1
86,Campomanesia adamantium,-43.583611,-18.233611,1
87,Campomanesia adamantium,-42.75,-18.166667,1
88,Campomanesia adamantium,-53.35,-17.25,1
89,Campomanesia adamantium,-52.625556,-17.339722,1
90,Campomanesia adamantium,-51.833333,-16.933611,1
91,Campomanesia adamantium,-50.635556,-16.9875,1
92,Campomanesia adamantium,-49.420278,-16.505556,1
93,Campomanesia adamantium,-48.81667,-17.03361,1
94,Campomanesia adamantium,-48.209919,-17.2955,1
95,Campomanesia adamantium,-43.326667,-17.076944,1
96,Campomanesia adamantium,-42.962778,-16.837222,1
97,Campomanesia adamantium,-41.371953,-16.481964,1
98,Campomanesia adamantium,-52.171411,-16.058186,1
99,Campomanesia adamantium,-49.339253,-15.701103,1
100,Campomanesia adamantium,-48.583333,-15.5,1
101,Campomanesia adamantium,-47.779837,-16.111092,1
102,Campomanesia adamantium,-45.315278,-15.4825,1
103,Campomanesia adamantium,-42.693055,-16.331667,1
104,Campomanesia adamantium,-48.6722223,-15.2075,1
105,Campomanesia adamantium,-47.148719,-15.316947,1
106,Campomanesia adamantium,-47.6846,-14.0057,1
107,Campomanesia adamantium,-46.479444,-12.974167,1
108,Campomanesia adamantium,-52.8731,-10.8339,1
109,Campomanesia adamantium,-49.040547,-2.050469,1
110,Coccoloba cereifera,-43.550278,-19.556667,1
111,Coccoloba cereifera,-43.588889,-19.2875,1
112,Coccoloba cereifera,-43,-19.290556,1
113,Coccoloba cereifera,-52.8731,-10.8339,1
203,Diplusodon hirsutus,-45.026944,-21.7625,1
204,Diplusodon hirsutus,-42.5,-22,1
205,Diplusodon hirsutus,-44.9,-21.216666,1
206,Diplusodon hirsutus,-43.927167,-20.426111,1
207,Diplusodon hirsutus,-44.277778,-20.038486,1
208,Diplusodon hirsutus,-44.216667,-20.133333,1
209,Diplusodon hirsutus,-43,-19.496583,1
210,Diplusodon hirsutus,-43.58333,-19.33333,1
211,Diplusodon hirsutus,-44,-18,1
212,Diplusodon hirsutus,-45.9225,-16.722222,1
213,Diplusodon hirsutus,-42.916666,-16.533333,1
214,Diplusodon hirsutus,-42.928333,-16,1
215,Diplusodon hirsutus,-60.81277,-13.89472,1
216,Diplusodon hirsutus,-41.81667,-13.48333,1
217,Diplusodon hirsutus,-41.49,-13.29,1
218,Diplusodon hirsutus,-41.25,-11.616667,1
219,Diplusodon hirsutus,-41.2,-11.583333,1
220,Diplusodon hirsutus,-52.8731,-10.8339,1
221,Diplusodon hirsutus,-41.1225,-11.3525,1
222,Diplusodon hirsutus,-41.333333,-10.366667,1
223,Diplusodon hirsutus,-41.2,-10.22,1
224,Elaenia cristata,-47.875923,-21.975903,1
225,Elaenia cristata,-47.284977,-20.400573,1
226,Elaenia cristata,-46.40835,-20.546812,1
227,Elaenia cristata,-44.480921,-20.759187,1
228,Elaenia cristata,-44.190018,-21.098555,1
229,Elaenia cristata,-52.782856,-19.97469,1
230,Elaenia cristata,-47.44598,-19.865528,1
231,Elaenia cristata,-46.477543,-20.217766,1
232,Elaenia cristata,-44.015497,-20.032212,1
233,Elaenia cristata,-48.179115,-18.711342,1
234,Elaenia cristata,-46.78305,-19.020845,1
235,Elaenia cristata,-44.879086,-19.27911,1
236,Elaenia cristata,-43.545361,-19.376961,1
237,Elaenia cristata,-39.702507,-18.405779,1
238,Elaenia cristata,-53.27948,-17.731302,1
239,Elaenia cristata,-47.686646,-16.74041,1
240,Elaenia cristata,-43.034542,-16.852457,1
241,Elaenia cristata,-67.73938,-16.223082,1
242,Elaenia cristata,-55.832235,-15.408869,1
243,Elaenia cristata,-48.893055,-15.725069,1
244,Elaenia cristata,-47.802235,-15.795263,1
245,Elaenia cristata,-45.97728,-15.465298,1
246,Elaenia cristata,-64.919685,-14.825269,1
247,Elaenia cristata,-55.768092,-15.362897,1
248,Elaenia cristata,-45.974438,-14.816561,1
249,Elaenia cristata,-42.54802,-14.408298,1
250,Elaenia cristata,-56.691452,-13.813784,1
251,Elaenia cristata,-47.564415,-14.190137,1
252,Elaenia cristata,-41.312042,-13.680868,1
253,Elaenia cristata,-72.66711,-12.650366,1
254,Elaenia cristata,-64.56082,-12.664043,1
255,Elaenia cristata,-41.437217,-12.446671,1
256,Elaenia cristata,-38.413548,-12.966629,1
257,Elaenia cristata,-38.177605,-12.655761,1
258,Elaenia cristata,-46.431526,-12.386448,1
259,Elaenia cristata,-65.809721,-11.304857,1
260,Elaenia cristata,-48.26489,-10.20946,1
261,Elaenia cristata,-48.16657,-10.199948,1
262,Elaenia cristata,-40.614746,-9.932417,1
263,Elaenia cristata,-35.541663,-9.448708,1
264,Elaenia cristata,-35.08416,-8.671568,1
265,Elaenia cristata,-63.932125,-8.313487,1
266,Elaenia cristata,-48.2398,-8.099352,1
267,Elaenia cristata,-39.838707,-7.408793,1
268,Elaenia cristata,-34.812685,-7.330852,1
269,Elaenia cristata,-35.221865,-5.867365,1
270,Elaenia cristata,-38.799744,-3.608264,1
271,Elaenia cristata,-39.292774,-3.27516,1
272,Elaenia cristata,-70.20196,1.271005,1
273,Elaenia cristata,-61.141951,1.293437,1
274,Elaenia cristata,-59.522724,2.991754,1
275,Elaenia cristata,-67.880432,3.817581,1
276,Elaenia cristata,-61.722155,3.773802,1
277,Elaenia cristata,-59.26527,3.946731,1
278,Elaenia cristata,-59.05888,4.165954,1
279,Elaenia cristata,-57.226925,4.405718,1
280,Elaenia cristata,-60.829926,5.108128,1
281,Elaenia cristata,-55.170799,5.449197,1
282,Elaenia cristata,-52.60114,5.088127,1
283,Elaenia cristata,-61.36389,5.61736,1
284,Elaenia cristata,-55.149654,5.82581,1
285,Elaenia cristata,-66.73782,10.43362,1
286,Miconia albicans,-50.01796,-28.852951,1
287,Miconia albicans,-50.25,-24.55,1
288,Miconia albicans,-48.317,-25.267,1
289,Miconia albicans,-55.41666,-24.08333,1
290,Miconia albicans,-52.393028,-24.089194,1
291,Miconia albicans,-50.24278,-24.24583,1
292,Miconia albicans,-48.416667,-23.45,1
293,Miconia albicans,-48,-23.566667,1
294,Miconia albicans,-46.85,-23.6833333,1
295,Miconia albicans,-46.241667,-23.42,1
296,Miconia albicans,-45.036389,-23.461111,1
297,Miconia albicans,-56.5666667,-22.8,1
298,Miconia albicans,-56.08,-22.67,1
299,Miconia albicans,-53.718333,-22.929722,1
300,Miconia albicans,-52.7681,-22.4047,1
301,Miconia albicans,-51.507083,-23.340778,1
302,Miconia albicans,-50.3694,-22.5989,1
303,Miconia albicans,-49.388889,-22.670556,1
304,Miconia albicans,-48.5,-22.916667,1
305,Miconia albicans,-47.838889,-22.916667,1
306,Miconia albicans,-47.042806,-23.237111,1
307,Miconia albicans,-45.88,-23.17028,1
308,Miconia albicans,-44.656667,-22.642778,1
309,Miconia albicans,-43.463889,-22.478889,1
310,Miconia albicans,-42.9125,-22.48222,1
311,Miconia albicans,-42.043378,-22.428446,1
312,Miconia albicans,-56.783333,-22.138889,1
313,Miconia albicans,-54.316667,-21.483333,1
314,Miconia albicans,-52.277694,-21.643833,1
315,Miconia albicans,-51.906944,-21.504722,1
316,Miconia albicans,-50.3975,-21.826944,1
317,Miconia albicans,-49.5,-21.404722,1
318,Miconia albicans,-49,-22,1
319,Miconia albicans,-48.1827,-22.1006,1
320,Miconia albicans,-46.9666667,-22.3333333,1
321,Miconia albicans,-45.608333,-21.916667,1
322,Miconia albicans,-44.961944,-21.728333,1
323,Miconia albicans,-44.1,-21.78,1
324,Miconia albicans,-43.066667,-22.1,1
325,Miconia albicans,-41.945278,-21.884167,1
326,Miconia albicans,-56.697778,-20.772778,1
327,Miconia albicans,-55.620556,-20.436389,1
328,Miconia albicans,-54.389722,-20.504722,1
329,Miconia albicans,-53.256611,-20.455,1
330,Miconia albicans,-52.866667,-20.45,1
331,Miconia albicans,-52.133333,-20.916667,1
332,Miconia albicans,-50.348611,-20.926111,1
333,Miconia albicans,-49.926111,-20.921111,1
334,Miconia albicans,-48.540556,-20.885,1
335,Miconia albicans,-47.7294,-21.3403,1
336,Miconia albicans,-47.168,-21.281,1
337,Miconia albicans,-45.908333,-20.466667,1
338,Miconia albicans,-44.495217,-21.244983,1
339,Miconia albicans,-44.166389,-21.084719,1
340,Miconia albicans,-42.985222,-21.216722,1
341,Miconia albicans,-41.612222,-20.625833,1
342,Miconia albicans,-40.327778,-20.426944,1
343,Miconia albicans,-55.245555,-19.776944,1
344,Miconia albicans,-54.350556,-19.708889,1
345,Miconia albicans,-53.97,-19.5,1
346,Miconia albicans,-52.6525,-20.362778,1
347,Miconia albicans,-51.4189,-20.3672,1
348,Miconia albicans,-51.176167,-19.659333,1
349,Miconia albicans,-49.596111,-19.422778,1
350,Miconia albicans,-48.94056,-20.02472,1
351,Miconia albicans,-47.419444,-20.197222,1
352,Miconia albicans,-46.36556,-20.24556,1
353,Miconia albicans,-45.416667,-20.216667,1
354,Miconia albicans,-44.544167,-20.054167,1
355,Miconia albicans,-43.911944,-20.128333,1
356,Miconia albicans,-42.77667,-19.84306,1
357,Miconia albicans,-41.4,-19.98,1
358,Miconia albicans,-40.411111,-20.004167,1
359,Miconia albicans,-40.219167,-20.241389,1
360,Miconia albicans,-57.616667,-19.25,1
361,Miconia albicans,-55.416667,-18.416667,1
362,Miconia albicans,-55.105556,-19.299167,1
363,Miconia albicans,-54.025555,-18.681388,1
364,Miconia albicans,-52.573889,-18.428333,1
365,Miconia albicans,-51.995278,-18.439444,1
366,Miconia albicans,-49.503056,-19.039444,1
367,Miconia albicans,-48.304722,-18.611389,1
368,Miconia albicans,-48.2325,-18.913889,1
369,Miconia albicans,-46.916667,-18.558333,1
370,Miconia albicans,-45.44222,-18.78778,1
371,Miconia albicans,-44.40417,-19.27444,1
372,Miconia albicans,-43.4899,-18.469842,1
373,Miconia albicans,-39.964722,-19.2125,1
374,Miconia albicans,-63.68472,-17.45138,1
375,Miconia albicans,-63.23333,-17.56666,1
376,Miconia albicans,-61.5,-17.5,1
377,Miconia albicans,-59.5652778,-18.3252778,1
378,Miconia albicans,-57.5,-18.038611,1
379,Miconia albicans,-53.305278,-18.238055,1
380,Miconia albicans,-53.135722,-18.009167,1
381,Miconia albicans,-52.078611,-17.97,1
382,Miconia albicans,-51.195833,-18.065278,1
383,Miconia albicans,-49.4217,-17.6745,1
384,Miconia albicans,-48.533333,-17.733333,1
385,Miconia albicans,-48.135556,-18.011944,1
386,Miconia albicans,-46.1725,-17.7425,1
387,Miconia albicans,-44.25,-17.88,1
388,Miconia albicans,-43.633333,-18.116667,1
389,Miconia albicans,-41.559886,-17.855333,1
390,Miconia albicans,-39.664444,-18.067222,1
391,Miconia albicans,-64.435,-16.7261,1
392,Miconia albicans,-63.667,-17.383,1
393,Miconia albicans,-61.81333,-16.76861,1
394,Miconia albicans,-54.616667,-16.483333,1
395,Miconia albicans,-54,-16.783333,1
396,Miconia albicans,-52.666667,-16.45,1
397,Miconia albicans,-51.78,-17.2,1
398,Miconia albicans,-50.629167,-16.989722,1
399,Miconia albicans,-47.666667,-16.75,1
400,Miconia albicans,-47.093888,-17.073611,1
401,Miconia albicans,-43.504167,-17.063333,1
402,Miconia albicans,-42.88944,-16.55944,1
403,Miconia albicans,-41.175833,-16.474722,1
404,Miconia albicans,-39.25,-16.5,1
405,Miconia albicans,-39.202222,-16.419167,1
406,Miconia albicans,-68.1775,-15.3913889,1
407,Miconia albicans,-67.17,-15.5,1
408,Miconia albicans,-62.133,-16.083,1
409,Miconia albicans,-57.253333,-15.773333,1
410,Miconia albicans,-56.25,-16.25,1
411,Miconia albicans,-56.083333,-15.583333,1
412,Miconia albicans,-54.963162,-15.956094,1
413,Miconia albicans,-52.716667,-16.305556,1
414,Miconia albicans,-52.1919444,-15.7838889,1
415,Miconia albicans,-51.03333,-16.38333,1
416,Miconia albicans,-50.191528,-16.081528,1
417,Miconia albicans,-48.863056,-15.907222,1
418,Miconia albicans,-48.163056,-16.246389,1
419,Miconia albicans,-45.919167,-15.408056,1
420,Miconia albicans,-45.116667,-16.35,1
421,Miconia albicans,-42.597222,-15.965277,1
422,Miconia albicans,-40.95903,-16.367828,1
423,Miconia albicans,-40.124444,-15.512778,1
424,Miconia albicans,-39.02444,-16.27833,1
425,Miconia albicans,-68.83888,-14.56555,1
426,Miconia albicans,-67.8230556,-14.6644444,1
427,Miconia albicans,-60.8414,-14.5792,1
428,Miconia albicans,-59.774444,-14.635861,1
429,Miconia albicans,-56.97,-15.1,1
430,Miconia albicans,-55.745,-15.326944,1
431,Miconia albicans,-55.066667,-15.016667,1
432,Miconia albicans,-52.35,-14.666667,1
433,Miconia albicans,-51.014444,-14.810278,1
434,Miconia albicans,-49.2189,-14.4764,1
435,Miconia albicans,-48.119444,-14.443889,1
436,Miconia albicans,-46.58,-14.521667,1
437,Miconia albicans,-46.089667,-14.640611,1
438,Miconia albicans,-44.628889,-14.935833,1
439,Miconia albicans,-42.557778,-14.552778,1
440,Miconia albicans,-41.940278,-15.119722,1
441,Miconia albicans,-40.541667,-14.823611,1
442,Miconia albicans,-39.341667,-15.173611,1
443,Miconia albicans,-39.022778,-14.916944,1
444,Miconia albicans,-68.46666,-14.38333,1
445,Miconia albicans,-62.4872222,-13.6827778,1
446,Miconia albicans,-61.53333,-13.66666,1
447,Miconia albicans,-60.8128,-13.8986,1
448,Miconia albicans,-59.78556,-13.66333,1
449,Miconia albicans,-58.3,-14.383333,1
450,Miconia albicans,-56.33,-13.46,1
451,Miconia albicans,-55.266944,-13.576111,1
452,Miconia albicans,-52.35,-14.366667,1
453,Miconia albicans,-48.383333,-13.95,1
454,Miconia albicans,-48.079889,-13.770306,1
455,Miconia albicans,-46.289667,-13.61225,1
456,Miconia albicans,-45.994444,-13.980833,1
457,Miconia albicans,-42.353889,-13.974722,1
458,Miconia albicans,-41.3,-13.583333,1
459,Miconia albicans,-40.43056,-13.44111,1
460,Miconia albicans,-39.315833,-13.39,1
461,Miconia albicans,-38.983333,-14.133333,1
462,Miconia albicans,-72.7487,-12.8522,1
463,Miconia albicans,-72.2135,-12.7185,1
464,Miconia albicans,-68.84277,-13.03416,1
465,Miconia albicans,-67.25,-13.08,1
466,Miconia albicans,-64.67083,-12.47666,1
467,Miconia albicans,-61.116667,-13.233333,1
468,Miconia albicans,-59.4330556,-12.3891666,1
469,Miconia albicans,-58.083333,-13.333333,1
470,Miconia albicans,-56.427778,-12.599167,1
471,Miconia albicans,-56,-13.2,1
472,Miconia albicans,-54.42255,-13.090389,1
473,Miconia albicans,-52.566667,-13.2,1
474,Miconia albicans,-51.767,-12.817,1
475,Miconia albicans,-48.707222,-12.791389,1
476,Miconia albicans,-47.686389,-13.240556,1
477,Miconia albicans,-47.225278,-12.814722,1
478,Miconia albicans,-45.75,-13,1
479,Miconia albicans,-44.007833,-12.703464,1
480,Miconia albicans,-42.284167,-13.200556,1
481,Miconia albicans,-41.86028,-13.08278,1
482,Miconia albicans,-41.166667,-12.683333,1
483,Miconia albicans,-39.831389,-12.887222,1
484,Miconia albicans,-38.32,-12.88,1
485,Miconia albicans,-38.083333,-12.6425,1
486,Miconia albicans,-74.870186,-11.555314,1
487,Miconia albicans,-70.25,-12,1
488,Miconia albicans,-61.22,-11.6,1
489,Miconia albicans,-56.05,-12.25,1
490,Miconia albicans,-49.673333,-11.540833,1
491,Miconia albicans,-49.07,-11.73,1
492,Miconia albicans,-47.7,-11.65,1
493,Miconia albicans,-46.665833,-11.689167,1
494,Miconia albicans,-45.45,-11.866667,1
495,Miconia albicans,-44.585833,-12.3,1
496,Miconia albicans,-44,-12.01,1
497,Miconia albicans,-42.709444,-11.416638,1
498,Miconia albicans,-41.99722,-12.18306,1
499,Miconia albicans,-40.536667,-11.393056,1
500,Miconia albicans,-39.466667,-12.35,1
501,Miconia albicans,-38.433333,-12.133333,1
502,Miconia albicans,-37.7052778,-12.0377777,1
503,Miconia albicans,-75.24972,-10.94972,1
504,Miconia albicans,-74.998222,-10.88306,1
505,Miconia albicans,-62.05,-11.233333,1
506,Miconia albicans,-56.25,-10.55,1
507,Miconia albicans,-55.785278,-10.895556,1
508,Miconia albicans,-52.8731,-10.8339,1
509,Miconia albicans,-50.5,-10.5,1
510,Miconia albicans,-48.310278,-10.415,1
511,Miconia albicans,-48.153056,-10.733333,1
512,Miconia albicans,-46.65,-10.583333,1
513,Miconia albicans,-45.972778,-10.716111,1
514,Miconia albicans,-41.383333,-11.183333,1
515,Miconia albicans,-40.49806,-11.17583,1
516,Miconia albicans,-40.214444,-10.395,1
517,Miconia albicans,-37.424278,-11.378056,1
518,Miconia albicans,-36.941514,-10.593489,1
519,Miconia albicans,-59.3,-10.316667,1
520,Miconia albicans,-59.12,-10.17,1
521,Miconia albicans,-56.816325,-10.351789,1
522,Miconia albicans,-48.35,-9.75,1
523,Miconia albicans,-48.19,-10.17,1
524,Miconia albicans,-46.470555,-10.333333,1
525,Miconia albicans,-40.265833,-10.242778,1
526,Miconia albicans,-40.217083,-10.359111,1
527,Miconia albicans,-36.313364,-9.984031,1
528,Miconia albicans,-35.676472,-9.594422,1
529,Miconia albicans,-74.375627,-9.163761,1
530,Miconia albicans,-74.14,-9.1839,1
531,Miconia albicans,-64.360917,-8.657361,1
532,Miconia albicans,-61.683611,-8.451111,1
533,Miconia albicans,-59.120833,-8.997222,1
534,Miconia albicans,-54.9694445,-8.7294445,1
535,Miconia albicans,-49.883333,-9.383333,1
536,Miconia albicans,-48.96,-9.18,1
537,Miconia albicans,-47.75,-8.566667,1
538,Miconia albicans,-46.641111,-8.997222,1
539,Miconia albicans,-45.8,-8.433333,1
540,Miconia albicans,-38.25,-9.201944,1
541,Miconia albicans,-38.163889,-9.126111,1
542,Miconia albicans,-36.961111,-8.433889,1
543,Miconia albicans,-35.50222222,-9.201388889,1
544,Miconia albicans,-35.018611,-8.526111,1
545,Miconia albicans,-63.166667,-7.516667,1
546,Miconia albicans,-49.496944,-8.343333,1
547,Miconia albicans,-47.265,-7.82,1
548,Miconia albicans,-39.333167,-7.398306,1
549,Miconia albicans,-39.186944,-7.474722,1
550,Miconia albicans,-36.392222,-8.2075,1
551,Miconia albicans,-36,-8.31,1
552,Miconia albicans,-34.965,-8.071111,1
553,Miconia albicans,-79.8333333,-6.7666667,1
554,Miconia albicans,-77.4816667,-6.3944444,1
555,Miconia albicans,-76.5333333,-6.4166667,1
556,Miconia albicans,-50.335556,-6.396389,1
557,Miconia albicans,-47.4575,-7.017222,1
558,Miconia albicans,-46.166667,-6.833333,1
559,Miconia albicans,-44.476864,-6.392611,1
560,Miconia albicans,-39.494444,-7.249167,1
561,Miconia albicans,-35.262222,-6.388889,1
562,Miconia albicans,-35.13856667,-6.73845,1
563,Miconia albicans,-76.9505556,-6.0025,1
564,Miconia albicans,-50.2975,-6.015278,1
565,Miconia albicans,-47.343889,-6.01,1
566,Miconia albicans,-46.62,-5.94,1
567,Miconia albicans,-35.245833,-5.873611,1
568,Miconia albicans,-35.15694444,-6.102222222,1
569,Miconia albicans,-79.0894444,-5.0044444,1
570,Miconia albicans,-49.11778,-5.36861,1
571,Miconia albicans,-41.683333,-5,1
572,Miconia albicans,-79.6166667,-3.7166667,1
573,Miconia albicans,-79,-4.00777,1
574,Miconia albicans,-65.08583,-4.14444,1
575,Miconia albicans,-55.98333,-4.27611,1
576,Miconia albicans,-41.713831,-4.104647,1
577,Miconia albicans,-41.006306,-3.64166,1
578,Miconia albicans,-60.58333,-3.03333,1
579,Miconia albicans,-54.88444,-2.50472,1
580,Miconia albicans,-44.341839,-2.577203,1
581,Miconia albicans,-44.2333333,-2.6,1
582,Miconia albicans,-78.1869,-1.4628,1
583,Miconia albicans,-56.74472,-2.17167,1
584,Miconia albicans,-55.533333,-1.583333,1
585,Miconia albicans,-52.58167,-1.52333,1
586,Miconia albicans,-65,-0.4,1
587,Miconia albicans,-54.98333,-0.98333,1
588,Miconia albicans,-48.3775,-1.07361,1
589,Miconia albicans,-48.1417,-0.8583,1
590,Miconia albicans,-46.876306,-0.96225,1
591,Miconia albicans,-72.5,0.433333,1
592,Miconia albicans,-51.066667,0.366667,1
593,Miconia albicans,-74.28,1.08,1
594,Miconia albicans,-74.02,1.52,1
595,Miconia albicans,-60.997222,1.402222,1
596,Miconia albicans,-51.33,0.733333,1
597,Miconia albicans,-76.6601,2.48635,1
598,Miconia albicans,-75.67,2.1769,1
599,Miconia albicans,-73.84,2.2,1
600,Miconia albicans,-72.71,2.53,1
601,Miconia albicans,-61.0288889,1.6255556,1
602,Miconia albicans,-58.63333,1.65,1
603,Miconia albicans,-56.0333333,2.1,1
604,Miconia albicans,-76.71111,3.587806,1
605,Miconia albicans,-75.384944,2.886639,1
606,Miconia albicans,-75.2086111,2.9344444,1
607,Miconia albicans,-73.91,3.28,1
608,Miconia albicans,-73,3.5,1
609,Miconia albicans,-64.68333,2.96666,1
610,Miconia albicans,-59.466667,3.066667,1
611,Miconia albicans,-59.15,2.81667,1
612,Miconia albicans,-76.5,3.75,1
613,Miconia albicans,-74.6453,4.2021,1
614,Miconia albicans,-73.873222,3.812194,1
615,Miconia albicans,-72.8667,3.8811,1
616,Miconia albicans,-71.35,4.57,1
617,Miconia albicans,-67.1,3.95,1
618,Miconia albicans,-65.733333,3.733333,1
619,Miconia albicans,-64.6,3.81,1
620,Miconia albicans,-64.11666,4.45,1
621,Miconia albicans,-61.106392,4.502242,1
622,Miconia albicans,-60,4,1
623,Miconia albicans,-53.24111,3.92472,1
624,Miconia albicans,-51.802915,3.898753,1
625,Miconia albicans,-74.433333,4.966667,1
626,Miconia albicans,-74.195806,5.181861,1
627,Miconia albicans,-72.794997,4.986417,1
628,Miconia albicans,-71.304936,5.143195,1
629,Miconia albicans,-70.729833,5.19275,1
630,Miconia albicans,-68.449778,5.561389,1
631,Miconia albicans,-67.85,5.33333,1
632,Miconia albicans,-65.26666,4.96666,1
633,Miconia albicans,-61.05,5.31,1
634,Miconia albicans,-59.84611,4.71,1
635,Miconia albicans,-57.666667,5.55,1
636,Miconia albicans,-55.3333333,5.4166667,1
637,Miconia albicans,-54.9833333,5.4166667,1
638,Miconia albicans,-53.3747,5.52,1
639,Miconia albicans,-52.33,4.93,1
640,Miconia albicans,-75.703,6.45675,1
641,Miconia albicans,-74.784772,6.457083,1
642,Miconia albicans,-73.40744,6.23339,1
643,Miconia albicans,-73.141667,6.488611,1
644,Miconia albicans,-71.906369,6.379886,1
645,Miconia albicans,-71.1,6.2780556,1
646,Miconia albicans,-70.164275,6.324981,1
647,Miconia albicans,-68.75,6.16667,1
648,Miconia albicans,-67.505361,6.099583,1
649,Miconia albicans,-67.16,6.4,1
650,Miconia albicans,-63.37528,6.35167,1
651,Miconia albicans,-62.26666,5.91666,1
652,Miconia albicans,-61.35,5.7666667,1
653,Miconia albicans,-75.716667,7.116667,1
654,Miconia albicans,-75.07,6.92,1
655,Miconia albicans,-73.29084,7.20393,1
656,Miconia albicans,-73.080965,6.811241,1
657,Miconia albicans,-70.434426,6.979604,1
658,Miconia albicans,-67.81666,6.96666,1
659,Miconia albicans,-65.9119,7.0758,1
660,Miconia albicans,-63.48333,6.63333,1
661,Miconia albicans,-63.05,7.533,1
662,Miconia albicans,-61.4603,7.4867,1
663,Miconia albicans,-75.651953,8.382294,1
664,Miconia albicans,-75.08416,8.31722,1
665,Miconia albicans,-74.194167,8.559444,1
666,Miconia albicans,-72.462306,7.992,1
667,Miconia albicans,-71.7,7.95,1
668,Miconia albicans,-62.85,7.66666,1
669,Miconia albicans,-61.88,8.03,1
670,Miconia albicans,-73.263138,9.609362,1
671,Miconia albicans,-73.202343,9.545808,1
672,Miconia albicans,-70.1077778,8.7713889,1
673,Miconia albicans,-73.582177,10.44782,1
674,Miconia albicans,-70.8947222,9.9013889,1
675,Miconia albicans,-69.6119444,9.8636111,1
676,Miconia albicans,-68.41666,10.16666,1
677,Miconia albicans,-67.6022222,10.3838889,1
678,Miconia albicans,-66.91667,10.5,1
679,Miconia albicans,-74.1768,11.2336,1
680,Miconia ferruginata,-45.8653,-23.2813,1
681,Miconia ferruginata,-44.961944,-21.728333,1
682,Miconia ferruginata,-41.960278,-21.962222,1
683,Miconia ferruginata,-55.488889,-20.455278,1
684,Miconia ferruginata,-46.4,-20.55,1
685,Miconia ferruginata,-45.985417,-20.912222,1
686,Miconia ferruginata,-44.291522,-21.122375,1
687,Miconia ferruginata,-43.905833,-20.445833,1
688,Miconia ferruginata,-54.28,-19.660833,1
689,Miconia ferruginata,-47.43972,-19.86556,1
690,Miconia ferruginata,-46.36556,-20.24556,1
691,Miconia ferruginata,-44.46,-19.62,1
692,Miconia ferruginata,-43.74472,-19.51361,1
693,Miconia ferruginata,-57.616667,-19.25,1
694,Miconia ferruginata,-55.105556,-19.299167,1
695,Miconia ferruginata,-54.025556,-18.681389,1
696,Miconia ferruginata,-52.994444,-19.0575,1
697,Miconia ferruginata,-48.303611,-18.990556,1
698,Miconia ferruginata,-48.181389,-18.5925,1
699,Miconia ferruginata,-47.16,-19.233333,1
700,Miconia ferruginata,-45.72,-18.54,1
701,Miconia ferruginata,-43.756944,-19.005556,1
702,Miconia ferruginata,-42.594722,-19.221389,1
703,Miconia ferruginata,-57.506111,-18.011944,1
704,Miconia ferruginata,-54.875,-18.204917,1
705,Miconia ferruginata,-53.681667,-18.143333,1
706,Miconia ferruginata,-52.75,-18.316667,1
707,Miconia ferruginata,-48.625,-17.7417,1
708,Miconia ferruginata,-47.916667,-18.163056,1
709,Miconia ferruginata,-47.103519,-17.555453,1
710,Miconia ferruginata,-44.394444,-17.659167,1
711,Miconia ferruginata,-44.182222,-17.752778,1
712,Miconia ferruginata,-43.081389,-17.472778,1
713,Miconia ferruginata,-53.716667,-16.866667,1
714,Miconia ferruginata,-53.0066667,-16.8441666,1
715,Miconia ferruginata,-51.78,-17.2,1
716,Miconia ferruginata,-50.698889,-16.982778,1
717,Miconia ferruginata,-49.3225,-16.837222,1
718,Miconia ferruginata,-48.663455,-16.640799,1
719,Miconia ferruginata,-47.666667,-16.75,1
720,Miconia ferruginata,-46.673597,-17.249752,1
721,Miconia ferruginata,-43.3,-16.416667,1
722,Miconia ferruginata,-42.93,-16.58,1
723,Miconia ferruginata,-59.5,-16.03333,1
724,Miconia ferruginata,-56.333333,-15.466667,1
725,Miconia ferruginata,-55.831417,-15.407306,1
726,Miconia ferruginata,-55,-15.466667,1
727,Miconia ferruginata,-50.166667,-16.066667,1
728,Miconia ferruginata,-48.266667,-16.333333,1
729,Miconia ferruginata,-47.916667,-15.766667,1
730,Miconia ferruginata,-46.516944,-16.008611,1
731,Miconia ferruginata,-42.481111,-15.441944,1
732,Miconia ferruginata,-39.565278,-15.391667,1
733,Miconia ferruginata,-60,-15,1
734,Miconia ferruginata,-58.266667,-14.5,1
735,Miconia ferruginata,-55.680556,-14.473611,1
736,Miconia ferruginata,-55.2,-14.6,1
737,Miconia ferruginata,-49.274167,-14.663611,1
738,Miconia ferruginata,-48.4597,-14.4739,1
739,Miconia ferruginata,-48.178333,-14.475556,1
740,Miconia ferruginata,-46.629166,-14.939722,1
741,Miconia ferruginata,-45.788611,-15.363889,1
742,Miconia ferruginata,-42.546667,-14.752778,1
743,Miconia ferruginata,-42.158611,-15.255277,1
744,Miconia ferruginata,-59.251667,-14.245,1
745,Miconia ferruginata,-58.1,-14.33,1
746,Miconia ferruginata,-56.883333,-14.383333,1
747,Miconia ferruginata,-56.15,-14.3,1
748,Miconia ferruginata,-48.266667,-13.65,1
749,Miconia ferruginata,-47.800833,-14.174722,1
750,Miconia ferruginata,-46.998889,-13.832222,1
751,Miconia ferruginata,-45.3167,-13.4511,1
752,Miconia ferruginata,-42.633333,-13.816667,1
753,Miconia ferruginata,-41.816667,-13.483333,1
754,Miconia ferruginata,-64.65666,-12.48666,1
755,Miconia ferruginata,-56.325,-13.196944,1
756,Miconia ferruginata,-55.725,-12.528333,1
757,Miconia ferruginata,-48.547778,-12.971667,1
758,Miconia ferruginata,-48.044444,-13.371389,1
759,Miconia ferruginata,-46.98,-12.78,1
760,Miconia ferruginata,-41.75,-13.25,1
761,Miconia ferruginata,-38.316667,-12.683333,1
762,Miconia ferruginata,-47.7239,-11.4877,1
763,Miconia ferruginata,-46.726667,-11.659167,1
764,Miconia ferruginata,-40.554444,-11.4075,1
765,Miconia ferruginata,-38.5,-12,1
766,Miconia ferruginata,-37.889444,-11.768333,1
767,Miconia ferruginata,-52.8731,-10.8339,1
768,Miconia ferruginata,-47.53575,-11.145,1
769,Miconia ferruginata,-47.143611,-11.146667,1
770,Miconia ferruginata,-40.407778,-10.943333,1
771,Miconia ferruginata,-40.183333,-10.45,1
772,Miconia ferruginata,-37.253,-10.4107,1
773,Miconia ferruginata,-37.054667,-10.536861,1
774,Miconia ferruginata,-59.45917,-10.16694,1
775,Miconia ferruginata,-48.27,-10.08,1
776,Miconia ferruginata,-48.172778,-10.224167,1
777,Miconia ferruginata,-44.392778,-10.258056,1
778,Miconia ferruginata,-41.233333,-10.383333,1
779,Miconia ferruginata,-38.35,-10.066667,1
780,Miconia ferruginata,-49.86,-9.36,1
781,Miconia ferruginata,-49.0211,-9.0654,1
782,Miconia ferruginata,-46.064444,-9.341389,1
783,Miconia ferruginata,-36.106389,-9.027,1
784,Miconia ferruginata,-63.476944,-8.070278,1
785,Miconia ferruginata,-50.050681,-7.757667,1
786,Miconia ferruginata,-46.62,-8.28,1
787,Miconia ferruginata,-47.908611,-6.679444,1
788,Miconia ferruginata,-35.256111,-6.393333,1
789,Miconia ferruginata,-35.142056,-6.741861,1
790,Miconia ferruginata,-35.297071,-6.37033,1
791,Miconia ferruginata,-55.680556,-4.473611,1
792,Miconia ferruginata,-75.356444,3.340861,1
793,Psittacanthus robustus,-44.622222,-22.4325,1
794,Psittacanthus robustus,-47.5508,-21.4792,1
795,Psittacanthus robustus,-46.564722,-21.838889,1
796,Psittacanthus robustus,-44.845805,-21.554604,1
797,Psittacanthus robustus,-42.05,-22,1
798,Psittacanthus robustus,-47.733333,-20.8,1
799,Psittacanthus robustus,-46.419444,-20.596944,1
800,Psittacanthus robustus,-45.882111,-20.427139,1
801,Psittacanthus robustus,-44.867972,-21.100333,1
802,Psittacanthus robustus,-44.166667,-21.083333,1
803,Psittacanthus robustus,-56.087017,-19.588499,1
804,Psittacanthus robustus,-47.437917,-20.207267,1
805,Psittacanthus robustus,-46.940389,-20.256,1
806,Psittacanthus robustus,-44.25,-19.85,1
807,Psittacanthus robustus,-43.873944,-19.637778,1
808,Psittacanthus robustus,-40.635556,-19.925556,1
809,Psittacanthus robustus,-51.995278,-18.439444,1
810,Psittacanthus robustus,-48.261566,-18.911483,1
811,Psittacanthus robustus,-47.266667,-19.333333,1
812,Psittacanthus robustus,-44.40417,-19.27444,1
813,Psittacanthus robustus,-43.637778,-19.348889,1
814,Psittacanthus robustus,-53.568889,-17.921944,1
815,Psittacanthus robustus,-48.6833333,-17.7,1
816,Psittacanthus robustus,-47.880278,-18.151389,1
817,Psittacanthus robustus,-45.753889,-18.146944,1
818,Psittacanthus robustus,-43.965278,-18.280556,1
819,Psittacanthus robustus,-43.204722,-18.0725,1
820,Psittacanthus robustus,-51.910556,-16.941944,1
821,Psittacanthus robustus,-50.627222,-16.992056,1
822,Psittacanthus robustus,-48.5333333,-16.7666667,1
823,Psittacanthus robustus,-47.6136,-16.7686,1
824,Psittacanthus robustus,-46.95105,-17.14195,1
825,Psittacanthus robustus,-46.166667,-16.516667,1
826,Psittacanthus robustus,-43.711639,-16.552833,1
827,Psittacanthus robustus,-42.966667,-16.6,1
828,Psittacanthus robustus,-39.127892,-16.725076,1
829,Psittacanthus robustus,-53.942778,-15.636667,1
830,Psittacanthus robustus,-50.383333,-16.183333,1
831,Psittacanthus robustus,-50.116667,-16.05,1
832,Psittacanthus robustus,-48.492222,-16.1375,1
833,Psittacanthus robustus,-47.95028,-16.25278,1
834,Psittacanthus robustus,-45.8225,-15.4425,1
835,Psittacanthus robustus,-43.424167,-16.331111,1
836,Psittacanthus robustus,-43.025277,-16.341666,1
837,Psittacanthus robustus,-56.45,-14.41,1
838,Psittacanthus robustus,-53.563333,-15.381111,1
839,Psittacanthus robustus,-52.333,-14.733,1
840,Psittacanthus robustus,-50.166667,-15.066667,1
841,Psittacanthus robustus,-48.45,-14.4961111,1
842,Psittacanthus robustus,-47.762972,-14.899,1
843,Psittacanthus robustus,-47.009583,-15.383383,1
844,Psittacanthus robustus,-45.814167,-14.630278,1
845,Psittacanthus robustus,-42.545277,-15.0625,1
846,Psittacanthus robustus,-56.7214,-13.4467,1
847,Psittacanthus robustus,-51.333333,-14.3,1
848,Psittacanthus robustus,-50,-14,1
849,Psittacanthus robustus,-48.4194445,-14.3583333,1
850,Psittacanthus robustus,-47.516667,-14.116667,1
851,Psittacanthus robustus,-46.3694,-14.0931,1
852,Psittacanthus robustus,-45.646944,-14.2225,1
853,Psittacanthus robustus,-44.433333,-13.9,1
854,Psittacanthus robustus,-42.416667,-13.75,1
855,Psittacanthus robustus,-41.834722,-13.595278,1
856,Psittacanthus robustus,-60.420556,-12.506111,1
857,Psittacanthus robustus,-51.76666,-12.81666,1
858,Psittacanthus robustus,-49.083333,-13.266667,1
859,Psittacanthus robustus,-41.833333,-13.033333,1
860,Psittacanthus robustus,-38.5,-12.966667,1
861,Psittacanthus robustus,-50.670556,-11.6725,1
862,Psittacanthus robustus,-47.702222,-11.685556,1
863,Psittacanthus robustus,-46.565278,-11.818611,1
864,Psittacanthus robustus,-41.15,-11.55,1
865,Psittacanthus robustus,-37.83694,-12.22611,1
866,Psittacanthus robustus,-65.264918,-10.719327,1
867,Psittacanthus robustus,-52.8731,-10.8339,1
868,Psittacanthus robustus,-51.0456,-11.3602,1
869,Psittacanthus robustus,-49.630556,-10.916944,1
870,Psittacanthus robustus,-48.364722,-10.446111,1
871,Psittacanthus robustus,-48.091389,-10.4525,1
872,Psittacanthus robustus,-45.560556,-11.108611,1
873,Psittacanthus robustus,-37.425861,-11.382639,1
874,Psittacanthus robustus,-36.9764,-10.7886,1
875,Psittacanthus robustus,-55.437667,-9.6753861,1
876,Psittacanthus robustus,-47.209444,-10.002778,1
877,Psittacanthus robustus,-42.225278,-9.655556,1
878,Psittacanthus robustus,-36.231383,-10.116194,1
879,Psittacanthus robustus,-61.649444,-8.476944,1
880,Psittacanthus robustus,-60.827778,-9.120556,1
881,Psittacanthus robustus,-55.44,-9.08,1
882,Psittacanthus robustus,-48.091111,-8.744444,1
883,Psittacanthus robustus,-46.716667,-8.633333,1
884,Psittacanthus robustus,-43.488889,-9.221667,1
885,Psittacanthus robustus,-54.936111,-8.258889,1
886,Psittacanthus robustus,-46.083333,-7.583333,1
887,Psittacanthus robustus,-45.07,-7.4,1
888,Psittacanthus robustus,-47.381388,-6.946667,1
889,Psittacanthus robustus,-47.041861,-7.266083,1
890,Psittacanthus robustus,-45.116667,-7.2,1
891,Psittacanthus robustus,-34.978056,-6.458333,1
892,Psittacanthus robustus,-41.45,-3.500556,1
893,Psittacanthus robustus,-54.899167,-2.537778,1
894,Psittacanthus robustus,-43.275833,-2.897778,1
895,Psittacanthus robustus,-42.384444,-2.967222,1
896,Psittacanthus robustus,-46.432778,-1.050278,1
897,Psittacanthus robustus,-61.149444,1.838333,1
898,Psittacanthus robustus,-53.822222,2.516667,1
899,Psittacanthus robustus,-58.8675,3.94972,1
900,Qualea cordata,-64.9208,-35.3869,1
901,Qualea cordata,-55.58,-27.28,1
902,Qualea cordata,-57.25,-26,1
903,Qualea cordata,-56.83333,-26.05,1
904,Qualea cordata,-57,-25.25,1
905,Qualea cordata,-56,-25.16667,1
906,Qualea cordata,-53.5537,-25.026555,1
907,Qualea cordata,-50.265836,-24.569618,1
908,Qualea cordata,-50.03333,-24.5,1
909,Qualea cordata,-52.753694,-23.9155,1
910,Qualea cordata,-49.6599,-24.1714,1
911,Qualea cordata,-49.070278,-24.062222,1
912,Qualea cordata,-47.758867,-23.900578,1
913,Qualea cordata,-58.1689,-23.2025,1
914,Qualea cordata,-57,-23,1
915,Qualea cordata,-56.0666667,-22.6333333,1
916,Qualea cordata,-54.233333,-23.059722,1
917,Qualea cordata,-52.650833,-22.782222,1
918,Qualea cordata,-51.3148,-22.4778,1
919,Qualea cordata,-51.2346,-22.4837,1
920,Qualea cordata,-49.9922,-22.5303,1
921,Qualea cordata,-48.5184,-23.353,1
922,Qualea cordata,-47.086761,-22.863721,1
923,Qualea cordata,-57.5716667,-22.2758334,1
924,Qualea cordata,-56.5,-22.1667,1
925,Qualea cordata,-50.9788,-22.3714,1
926,Qualea cordata,-48.5284,-22.0834,1
927,Qualea cordata,-47.38,-22.35028,1
928,Qualea cordata,-43.888055,-21.988889,1
929,Qualea cordata,-50.348611,-20.926111,1
930,Qualea cordata,-49.973889,-21.001389,1
931,Qualea cordata,-48.9603,-20.6369,1
932,Qualea cordata,-46.3881,-20.8636,1
933,Qualea cordata,-45.987333,-20.908556,1
934,Qualea cordata,-43.491111,-21.127778,1
935,Qualea cordata,-46.4225,-19.684722,1
936,Qualea cordata,-44.434267,-20.384428,1
937,Qualea cordata,-43.901944,-20.110556,1
938,Qualea cordata,-45.539444,-19.006389,1
939,Qualea cordata,-44.618981,-18.469753,1
940,Qualea cordata,-43.7,-19.166667,1
941,Qualea cordata,-61.5,-17.5,1
942,Qualea cordata,-59.6697223,-18.3338889,1
943,Qualea cordata,-59.02583,-17.96472,1
944,Qualea cordata,-48.75,-17.8,1
945,Qualea cordata,-47.700278,-17.548333,1
946,Qualea cordata,-44.25,-17.883333,1
947,Qualea cordata,-43.608333,-17.468056,1
948,Qualea cordata,-43.205278,-18.0725,1
949,Qualea cordata,-64.435,-16.7261,1
950,Qualea cordata,-62,-16.417,1
951,Qualea cordata,-47.61333,-16.76861,1
952,Qualea cordata,-46.946806,-17.376083,1
953,Qualea cordata,-46,-17,1
954,Qualea cordata,-43.340833,-17.015833,1
955,Qualea cordata,-42.864364,-16.573806,1
956,Qualea cordata,-41.94,-17.28,1
957,Qualea cordata,-55.727222,-15.485278,1
958,Qualea cordata,-48.960833,-15.708083,1
959,Qualea cordata,-45.75,-15.6227778,1
960,Qualea cordata,-42.731306,-15.653889,1
961,Qualea cordata,-39.116667,-15.933333,1
962,Qualea cordata,-61.1331,-14.9408,1
963,Qualea cordata,-42.313611,-15.317777,1
964,Qualea cordata,-42.164444,-15.076389,1
965,Qualea cordata,-40.793889,-14.788889,1
966,Qualea cordata,-42.537222,-14.213889,1
967,Qualea cordata,-41.873333,-13.459167,1
968,Qualea cordata,-41.85,-13.25,1
969,Qualea cordata,-41.233333,-12.9,1
970,Qualea cordata,-41.000833,-11.627778,1
971,Qualea cordata,-52.8731,-10.8339,1
972,Qualea cordata,-41.355556,-11.354167,1
973,Qualea cordata,-41.236389,-11.373889,1
974,Qualea dichotoma,-50.413611,-24.509444,1
975,Qualea dichotoma,-46.765,-23.453611,1
976,Qualea dichotoma,-50.3694,-22.5989,1
977,Qualea dichotoma,-48.5184,-23.353,1
978,Qualea dichotoma,-46.95,-22.4333,1
979,Qualea dichotoma,-45.3106,-23.2231,1
980,Qualea dichotoma,-43.223056,-22.967222,1
981,Qualea dichotoma,-50.9788,-22.3714,1
982,Qualea dichotoma,-49.0319,-22.3546,1
983,Qualea dichotoma,-47.6,-21.6169,1
984,Qualea dichotoma,-55.4875,-20.464722,1
985,Qualea dichotoma,-51.766667,-20.983333,1
986,Qualea dichotoma,-51.100278,-20.630556,1
987,Qualea dichotoma,-49.9739,-21.0014,1
988,Qualea dichotoma,-48.9603,-20.6369,1
989,Qualea dichotoma,-43.80639,-20.95361,1
990,Qualea dichotoma,-55.150814,-19.907092,1
991,Qualea dichotoma,-51.419167,-20.367778,1
992,Qualea dichotoma,-49.516667,-19.916667,1
993,Qualea dichotoma,-47.47,-20.25,1
994,Qualea dichotoma,-46.31,-20.19,1
995,Qualea dichotoma,-44.298089,-20.003811,1
996,Qualea dichotoma,-43.745,-19.5136,1
997,Qualea dichotoma,-48.277404,-18.9223814,1
998,Qualea dichotoma,-47.453889,-19.149167,1
999,Qualea dichotoma,-44.40417,-19.27444,1
1000,Qualea dichotoma,-43.71417,-19.16917,1
1001,Qualea dichotoma,-59.68333,-18.33333,1
1002,Qualea dichotoma,-51.717222,-17.923056,1
1003,Qualea dichotoma,-50.0848,-17.6874,1
1004,Qualea dichotoma,-48.62472,-17.74194,1
1005,Qualea dichotoma,-48.15,-17.716667,1
1006,Qualea dichotoma,-44.25,-17.883333,1
1007,Qualea dichotoma,-44.060278,-18.185833,1
1008,Qualea dichotoma,-43.167222,-18.096389,1
1009,Qualea dichotoma,-61.78333,-17.06666,1
1010,Qualea dichotoma,-52.016667,-16.832222,1
1011,Qualea dichotoma,-50.82,-17.330833,1
1012,Qualea dichotoma,-49.2544621,-16.6823359,1
1013,Qualea dichotoma,-48.0206,-16.6809,1
1014,Qualea dichotoma,-46.86666,-17.03333,1
1015,Qualea dichotoma,-42.933,-16.617,1
1016,Qualea dichotoma,-39.05,-16.433333,1
1017,Qualea dichotoma,-57.202056,-15.631611,1
1018,Qualea dichotoma,-56.09667,-15.59611,1
1019,Qualea dichotoma,-48.8875,-15.806944,1
1020,Qualea dichotoma,-47.92,-15.73,1
1021,Qualea dichotoma,-42.735,-15.645833,1
1022,Qualea dichotoma,-41.908333,-16.129444,1
1023,Qualea dichotoma,-61.12833,-15.01027,1
1024,Qualea dichotoma,-48.094722,-15.303889,1
1025,Qualea dichotoma,-47,-15.116667,1
1026,Qualea dichotoma,-42.466389,-14.569722,1
1027,Qualea dichotoma,-40.83917,-14.86611,1
1028,Qualea dichotoma,-48.333,-13.833,1
1029,Qualea dichotoma,-47.516667,-14.116667,1
1030,Qualea dichotoma,-47.085555,-13.935278,1
1031,Qualea dichotoma,-42.315833,-13.745833,1
1032,Qualea dichotoma,-41.81666,-13.58333,1
1033,Qualea dichotoma,-41.233333,-13.520556,1
1034,Qualea dichotoma,-55.920275,-12.988422,1
1035,Qualea dichotoma,-42.351111,-13.120556,1
1036,Qualea dichotoma,-41.44722,-12.45361,1
1037,Qualea dichotoma,-41.033333,-12.566667,1
1038,Qualea dichotoma,-50.976944,-11.575278,1
1039,Qualea dichotoma,-45.256944,-12.208333,1
1040,Qualea dichotoma,-41.338056,-11.490278,1
1041,Qualea dichotoma,-40.554444,-11.4075,1
1042,Qualea dichotoma,-52.8731,-10.8339,1
1043,Qualea dichotoma,-45.193055,-11.048333,1
1044,Qualea dichotoma,-41.314167,-11.084444,1
1045,Qualea dichotoma,-40.466667,-11.265833,1
1046,Qualea dichotoma,-52.37,-9.717778,1
1047,Qualea dichotoma,-49.896111,-9.835833,1
1048,Qualea dichotoma,-50.82,-7.330833,1
1049,Qualea dichotoma,-44.987256,-6.715361,1
1050,Qualea grandiflora,-57,-25,1
1051,Qualea grandiflora,-55.301124,-23.967773,1
1052,Qualea grandiflora,-55,-24.33333,1
1053,Qualea grandiflora,-52.333333,-24.030556,1
1054,Qualea grandiflora,-49.6599,-24.1714,1
1055,Qualea grandiflora,-49,-24,1
1056,Qualea grandiflora,-48.0531,-23.5917,1
1057,Qualea grandiflora,-46.632446,-23.628995,1
1058,Qualea grandiflora,-58.1689,-23.2025,1
1059,Qualea grandiflora,-57,-23,1
1060,Qualea grandiflora,-55.9825,-22.6555556,1
1061,Qualea grandiflora,-51.3148,-22.4778,1
1062,Qualea grandiflora,-50.496222,-22.582611,1
1063,Qualea grandiflora,-50.0583,-22.5755,1
1064,Qualea grandiflora,-48.8675,-22.651111,1
1065,Qualea grandiflora,-47.84972,-23.35028,1
1066,Qualea grandiflora,-46.95,-22.4333,1
1067,Qualea grandiflora,-45.8869,-23.1794,1
1068,Qualea grandiflora,-57.5530556,-22.2691667,1
1069,Qualea grandiflora,-56.816667,-22.116667,1
1070,Qualea grandiflora,-56.116667,-21.433333,1
1071,Qualea grandiflora,-53.9045,-21.748139,1
1072,Qualea grandiflora,-52.92,-21.42,1
1073,Qualea grandiflora,-52.200278,-21.691389,1
1074,Qualea grandiflora,-50.9788,-22.3714,1
1075,Qualea grandiflora,-50,-22,1
1076,Qualea grandiflora,-49.0297,-22.3553,1
1077,Qualea grandiflora,-48.0329,-22.1092,1
1078,Qualea grandiflora,-47.119444,-22.188333,1
1079,Qualea grandiflora,-44.649625,-21.494147,1
1080,Qualea grandiflora,-59.88,-20.94,1
1081,Qualea grandiflora,-56.521389,-21.116389,1
1082,Qualea grandiflora,-55.783333,-20.466667,1
1083,Qualea grandiflora,-54.642222,-20.561944,1
1084,Qualea grandiflora,-52.983333,-21.261111,1
1085,Qualea grandiflora,-51.913,-20.838417,1
1086,Qualea grandiflora,-51.054611,-21.114583,1
1087,Qualea grandiflora,-49.9292,-20.7428,1
1088,Qualea grandiflora,-48.8225,-20.484722,1
1089,Qualea grandiflora,-47.754,-21.1311,1
1090,Qualea grandiflora,-46.552778,-21.144278,1
1091,Qualea grandiflora,-45.638467,-21.16625,1
1092,Qualea grandiflora,-44.466742,-21.211383,1
1093,Qualea grandiflora,-44.075435,-20.914714,1
1094,Qualea grandiflora,-57.851306,-19.767056,1
1095,Qualea grandiflora,-56.833333,-20.083333,1
1096,Qualea grandiflora,-55.733333,-20.366944,1
1097,Qualea grandiflora,-55.140555,-19.910833,1
1098,Qualea grandiflora,-52.037791,-19.971209,1
1099,Qualea grandiflora,-49.4142,-20.1453,1
1100,Qualea grandiflora,-48.7648,-20.2581,1
1101,Qualea grandiflora,-47.460278,-20.247778,1
1102,Qualea grandiflora,-46.538889,-19.477778,1
1103,Qualea grandiflora,-45.982732,-20.022985,1
1104,Qualea grandiflora,-44.465833,-20.220278,1
1105,Qualea grandiflora,-43.9378,-19.9208,1
1106,Qualea grandiflora,-41.818889,-19.736389,1
1107,Qualea grandiflora,-57.616667,-19.25,1
1108,Qualea grandiflora,-56.783333,-19.066667,1
1109,Qualea grandiflora,-54.725,-18.537222,1
1110,Qualea grandiflora,-52.781111,-19.247778,1
1111,Qualea grandiflora,-51.995278,-18.439444,1
1112,Qualea grandiflora,-50.851944,-19.094444,1
1113,Qualea grandiflora,-49.404167,-19.100278,1
1114,Qualea grandiflora,-48.324722,-18.828056,1
1115,Qualea grandiflora,-47.266667,-19.333333,1
1116,Qualea grandiflora,-46.993611,-18.944722,1
1117,Qualea grandiflora,-45.366667,-18.583333,1
1118,Qualea grandiflora,-44.40417,-19.27444,1
1119,Qualea grandiflora,-43.6161111,-19.3058333,1
1120,Qualea grandiflora,-42.594722,-19.221389,1
1121,Qualea grandiflora,-63.41666,-17.68333,1
1122,Qualea grandiflora,-61.5,-17.5,1
1123,Qualea grandiflora,-60.3569444,-17.9241667,1
1124,Qualea grandiflora,-59.5,-18.38333,1
1125,Qualea grandiflora,-57.486944,-17.994722,1
1126,Qualea grandiflora,-55.333333,-17.833333,1
1127,Qualea grandiflora,-53.302222,-18.239722,1
1128,Qualea grandiflora,-51.7144,-17.8814,1
1129,Qualea grandiflora,-51.156667,-18.128333,1
1130,Qualea grandiflora,-50.0839,-17.6472,1
1131,Qualea grandiflora,-48.625,-17.7417,1
1132,Qualea grandiflora,-47.939361,-18.098014,1
1133,Qualea grandiflora,-47.091729,-17.572987,1
1134,Qualea grandiflora,-45.185,-18.203333,1
1135,Qualea grandiflora,-43.895797,-18.190322,1
1136,Qualea grandiflora,-64.435,-16.7261,1
1137,Qualea grandiflora,-62.45,-16.6375,1
1138,Qualea grandiflora,-61.87111,-16.70722,1
1139,Qualea grandiflora,-60.9166667,-16.4333333,1
1140,Qualea grandiflora,-57.671683,-16.705139,1
1141,Qualea grandiflora,-54.579503,-16.462272,1
1142,Qualea grandiflora,-53.46,-17.28,1
1143,Qualea grandiflora,-52.666667,-16.45,1
1144,Qualea grandiflora,-51.81028,-16.95694,1
1145,Qualea grandiflora,-50.481667,-16.944444,1
1146,Qualea grandiflora,-49.491389,-17.299167,1
1147,Qualea grandiflora,-49.22806,-16.96222,1
1148,Qualea grandiflora,-48.012222,-16.717778,1
1149,Qualea grandiflora,-46.433333,-16.833333,1
1150,Qualea grandiflora,-46,-17,1
1151,Qualea grandiflora,-45.2,-17.25,1
1152,Qualea grandiflora,-43.749444,-16.68,1
1153,Qualea grandiflora,-42.916667,-16.5,1
1154,Qualea grandiflora,-62.51666,-16.3,1
1155,Qualea grandiflora,-62.08333,-16.05,1
1156,Qualea grandiflora,-57.671778,-16.072333,1
1157,Qualea grandiflora,-56.250556,-15.741389,1
1158,Qualea grandiflora,-55.333333,-15.5,1
1159,Qualea grandiflora,-52.280278,-15.8425,1
1160,Qualea grandiflora,-52.026861,-16.270444,1
1161,Qualea grandiflora,-50.36056,-15.44611,1
1162,Qualea grandiflora,-50.166667,-16.083333,1
1163,Qualea grandiflora,-48.75361,-15.74639,1
1164,Qualea grandiflora,-47.816667,-16.083333,1
1165,Qualea grandiflora,-46.433333,-16.083333,1
1166,Qualea grandiflora,-45.266667,-16.366667,1
1167,Qualea grandiflora,-44.405528,-16.269917,1
1168,Qualea grandiflora,-43.025277,-16.341666,1
1169,Qualea grandiflora,-68.7639444,-14.5820278,1
1170,Qualea grandiflora,-67.66083,-14.62583,1
1171,Qualea grandiflora,-62.73333,-15.18972,1
1172,Qualea grandiflora,-62.01,-15.19,1
1173,Qualea grandiflora,-60.3925,-14.8031,1
1174,Qualea grandiflora,-56.266667,-15.316667,1
1175,Qualea grandiflora,-55.8333333,-15.3833333,1
1176,Qualea grandiflora,-55.2,-14.6,1
1177,Qualea grandiflora,-54.0425,-15.230278,1
1178,Qualea grandiflora,-52.333333,-14.75,1
1179,Qualea grandiflora,-52.233333,-14.633333,1
1180,Qualea grandiflora,-50.5,-14.9166667,1
1181,Qualea grandiflora,-50.066667,-15,1
1182,Qualea grandiflora,-49.14056,-14.52472,1
1183,Qualea grandiflora,-47.66125,-15.362667,1
1184,Qualea grandiflora,-47.022056,-14.94575,1
1185,Qualea grandiflora,-46.191694,-14.589083,1
1186,Qualea grandiflora,-45,-15,1
1187,Qualea grandiflora,-42.466389,-14.569722,1
1188,Qualea grandiflora,-67.894968,-14.15002,1
1189,Qualea grandiflora,-60.353889,-13.7325,1
1190,Qualea grandiflora,-60.1333333,-13.8333333,1
1191,Qualea grandiflora,-58.68,-13.68,1
1192,Qualea grandiflora,-57.541667,-14.274167,1
1193,Qualea grandiflora,-56.5,-14.283333,1
1194,Qualea grandiflora,-55.269444,-13.583333,1
1195,Qualea grandiflora,-51.947889,-13.387722,1
1196,Qualea grandiflora,-49.295833,-14.197222,1
1197,Qualea grandiflora,-48.367,-14.167,1
1198,Qualea grandiflora,-47.4583,-13.7975,1
1199,Qualea grandiflora,-47.217611,-13.593194,1
1200,Qualea grandiflora,-45.5833333,-13.5,1
1201,Qualea grandiflora,-44.496389,-14.068889,1
1202,Qualea grandiflora,-44.2125,-14.231667,1
1203,Qualea grandiflora,-42.537222,-14.359167,1
1204,Qualea grandiflora,-41.83361,-13.50028,1
1205,Qualea grandiflora,-41,-13.616667,1
1206,Qualea grandiflora,-69.28,-12.85,1
1207,Qualea grandiflora,-67.25,-13.08333,1
1208,Qualea grandiflora,-64.65166,-12.48,1
1209,Qualea grandiflora,-60.124444,-12.711111,1
1210,Qualea grandiflora,-55.438889,-13.081667,1
1211,Qualea grandiflora,-54.443411,-13.0993,1
1212,Qualea grandiflora,-51.8666667,-12.9,1
1213,Qualea grandiflora,-50.496667,-13.119861,1
1214,Qualea grandiflora,-48.306667,-13.271944,1
1215,Qualea grandiflora,-48.226944,-13.043333,1
1216,Qualea grandiflora,-46.959167,-12.902778,1
1217,Qualea grandiflora,-45.75,-13.233333,1
1218,Qualea grandiflora,-45.200556,-12.4925,1
1219,Qualea grandiflora,-42.098333,-13.330556,1
1220,Qualea grandiflora,-41.106667,-13.149167,1
1221,Qualea grandiflora,-71.41666,-11.83333,1
1222,Qualea grandiflora,-70.25,-12,1
1223,Qualea grandiflora,-69.112617,-12.225322,1
1224,Qualea grandiflora,-67.25,-12.16666,1
1225,Qualea grandiflora,-64.3,-12.333333,1
1226,Qualea grandiflora,-64.133333,-11.8825,1
1227,Qualea grandiflora,-56.183333,-12.366667,1
1228,Qualea grandiflora,-50.943889,-11.580278,1
1229,Qualea grandiflora,-49.25,-12.25,1
1230,Qualea grandiflora,-48.669444,-11.913611,1
1231,Qualea grandiflora,-47.7025,-11.693889,1
1232,Qualea grandiflora,-46.568333,-11.808056,1
1233,Qualea grandiflora,-45.6,-11.883333,1
1234,Qualea grandiflora,-44.9901,-12.1528,1
1235,Qualea grandiflora,-43.951111,-12.019444,1
1236,Qualea grandiflora,-42.9,-12.366667,1
1237,Qualea grandiflora,-68.30305556,-10.56444444,1
1238,Qualea grandiflora,-67.6667,-11.3333,1
1239,Qualea grandiflora,-66.73333,-10.76666,1
1240,Qualea grandiflora,-65.4105556,-10.8813889,1
1241,Qualea grandiflora,-56.150278,-10.465556,1
1242,Qualea grandiflora,-52.8731,-10.8339,1
1243,Qualea grandiflora,-50.616667,-10.433333,1
1244,Qualea grandiflora,-49.593611,-10.560833,1
1245,Qualea grandiflora,-48.298056,-10.419444,1
1246,Qualea grandiflora,-47.53583,-10.74417,1
1247,Qualea grandiflora,-46.65,-10.55,1
1248,Qualea grandiflora,-46.133333,-10.55,1
1249,Qualea grandiflora,-44.916667,-11.016667,1
1250,Qualea grandiflora,-67.61666,-10.06666,1
1251,Qualea grandiflora,-65.2225,-9.481653,1
1252,Qualea grandiflora,-55.944056,-9.930694,1
1253,Qualea grandiflora,-55.222667,-9.61875,1
1254,Qualea grandiflora,-52.339239,-9.758878,1
1255,Qualea grandiflora,-48.283333,-10.283333,1
1256,Qualea grandiflora,-48.095833,-10.253611,1
1257,Qualea grandiflora,-45.922778,-10.171667,1
1258,Qualea grandiflora,-45.189167,-10.362778,1
1259,Qualea grandiflora,-74.14,-9.1839,1
1260,Qualea grandiflora,-61.659528,-8.437444,1
1261,Qualea grandiflora,-49.660556,-9.1575,1
1262,Qualea grandiflora,-48.091111,-8.744444,1
1263,Qualea grandiflora,-47.01,-9.28,1
1264,Qualea grandiflora,-45.993233,-8.907433,1
1265,Qualea grandiflora,-44.448611,-9.199167,1
1266,Qualea grandiflora,-63.166667,-7.516667,1
1267,Qualea grandiflora,-49.292222,-8.339444,1
1268,Qualea grandiflora,-47.936389,-7.864722,1
1269,Qualea grandiflora,-46.338889,-7.437778,1
1270,Qualea grandiflora,-46.05,-8.266667,1
1271,Qualea grandiflora,-45.066667,-7.4,1
1272,Qualea grandiflora,-75.996111,-7.36,1
1273,Qualea grandiflora,-48.372222,-7.357222,1
1274,Qualea grandiflora,-47.523889,-7.343056,1
1275,Qualea grandiflora,-47.041528,-7.303722,1
1276,Qualea grandiflora,-45.35,-7.155833,1
1277,Qualea grandiflora,-45.065833,-7.0725,1
1278,Qualea grandiflora,-44.15,-6.639167,1
1279,Qualea grandiflora,-43.024722,-6.756944,1
1280,Qualea grandiflora,-48.919319,-6.287361,1
1281,Qualea grandiflora,-47.466667,-6.233333,1
1282,Qualea grandiflora,-46.26,-5.954722,1
1283,Qualea grandiflora,-46.183,-5.667,1
1284,Qualea grandiflora,-44.91,-5.52,1
1285,Qualea grandiflora,-43.632222,-5.632556,1
1286,Qualea grandiflora,-42.4,-5.92,1
1287,Qualea grandiflora,-41.55,-5.716667,1
1288,Qualea grandiflora,-36.299722,-5.58,1
1289,Qualea grandiflora,-44.46666,-5.23333,1
1290,Qualea grandiflora,-42.2503,-4.786217,1
1291,Qualea grandiflora,-42.052194,-4.863694,1
1292,Qualea grandiflora,-42.378889,-3.863333,1
1293,Qualea grandiflora,-41.706306,-4.146389,1
1294,Qualea grandiflora,-40.918333,-3.836667,1
1295,Qualea grandiflora,-54.919,-2.511,1
1296,Qualea grandiflora,-43.335,-3.234722,1
1297,Qualea grandiflora,-42.417778,-3.361667,1
1298,Qualea grandiflora,-40.883333,-2.933333,1
1299,Qualea grandiflora,-54.25,-1.916667,1
1300,Qualea grandiflora,-54.165556,-2.058056,1
1301,Qualea grandiflora,-47.82,-2.08,1
1302,Qualea grandiflora,-55.5833333,-1.1666667,1
1303,Qualea multiflora,-48.400278,-24.643333,1
1304,Qualea multiflora,-49.543056,-23.575361,1
1305,Qualea multiflora,-48.369278,-23.930333,1
1306,Qualea multiflora,-48.0531,-23.5917,1
1307,Qualea multiflora,-47.1125,-23.523889,1
1308,Qualea multiflora,-58.1689,-23.2025,1
1309,Qualea multiflora,-55.320619,-23.118472,1
1310,Qualea multiflora,-51.3148,-22.4778,1
1311,Qualea multiflora,-50.3694,-22.5989,1
1312,Qualea multiflora,-49.401361,-23.306972,1
1313,Qualea multiflora,-48.7431,-22.8139,1
1314,Qualea multiflora,-47.515278,-22.628333,1
1315,Qualea multiflora,-47.083333,-22.9,1
1316,Qualea multiflora,-45.8869,-23.1794,1
1317,Qualea multiflora,-44.661389,-22.638611,1
1318,Qualea multiflora,-43.7325,-22.72,1
1319,Qualea multiflora,-42.25,-22.5,1
1320,Qualea multiflora,-56.48333,-22.1,1
1321,Qualea multiflora,-52.450556,-22.150278,1
1322,Qualea multiflora,-52.201667,-21.691111,1
1323,Qualea multiflora,-50.9788,-22.3714,1
1324,Qualea multiflora,-49.316667,-22.166667,1
1325,Qualea multiflora,-48.4672,-22.0216,1
1326,Qualea multiflora,-47.8167,-21.6667,1
1327,Qualea multiflora,-47.0047,-21.4678,1
1328,Qualea multiflora,-45.93639,-22.23,1
1329,Qualea multiflora,-44.9852777,-21.7222223,1
1330,Qualea multiflora,-43.7325,-22.353333,1
1331,Qualea multiflora,-43.186944,-22.237778,1
1332,Qualea multiflora,-59.88,-20.94,1
1333,Qualea multiflora,-56.440555,-21.028611,1
1334,Qualea multiflora,-55.483889,-20.451111,1
1335,Qualea multiflora,-54.616667,-20.45,1
1336,Qualea multiflora,-54.017342,-20.975611,1
1337,Qualea multiflora,-51.913,-20.838417,1
1338,Qualea multiflora,-50.348611,-20.926111,1
1339,Qualea multiflora,-49.246389,-20.543611,1
1340,Qualea multiflora,-48.9072,-21.1858,1
1341,Qualea multiflora,-47.37,-21.02,1
1342,Qualea multiflora,-46.38806,-20.86361,1
1343,Qualea multiflora,-45.52,-20.46,1
1344,Qualea multiflora,-44.4575,-21.217778,1
1345,Qualea multiflora,-43.856667,-20.452222,1
1346,Qualea multiflora,-41.90417,-20.52333,1
1347,Qualea multiflora,-55.733333,-20.366944,1
1348,Qualea multiflora,-53.8,-20.116667,1
1349,Qualea multiflora,-52.514722,-20.079167,1
1350,Qualea multiflora,-51.896944,-20.009722,1
1351,Qualea multiflora,-49.504722,-20.321111,1
1352,Qualea multiflora,-47.460278,-20.247778,1
1353,Qualea multiflora,-46.9003,-20.280667,1
1354,Qualea multiflora,-44.674361,-19.437972,1
1355,Qualea multiflora,-43.78,-19.47,1
1356,Qualea multiflora,-57.564419,-19.24911,1
1357,Qualea multiflora,-54.981389,-18.8325,1
1358,Qualea multiflora,-52.573889,-18.428333,1
1359,Qualea multiflora,-51.995278,-18.439444,1
1360,Qualea multiflora,-51.089167,-19.304722,1
1361,Qualea multiflora,-49.268722,-18.400889,1
1362,Qualea multiflora,-48.519444,-18.814722,1
1363,Qualea multiflora,-48.206111,-18.950833,1
1364,Qualea multiflora,-46.993611,-18.944722,1
1365,Qualea multiflora,-44.89889,-18.75833,1
1366,Qualea multiflora,-44.195167,-19.358778,1
1367,Qualea multiflora,-61.5,-17.5,1
1368,Qualea multiflora,-59.68333,-18.33333,1
1369,Qualea multiflora,-59.02583,-17.96472,1
1370,Qualea multiflora,-54.577778,-17.997222,1
1371,Qualea multiflora,-53.305278,-18.238055,1
1372,Qualea multiflora,-52.583333,-17.533333,1
1373,Qualea multiflora,-51.711944,-17.900278,1
1374,Qualea multiflora,-51.22,-17.83,1
1375,Qualea multiflora,-49.605,-17.998889,1
1376,Qualea multiflora,-49.09917,-17.73111,1
1377,Qualea multiflora,-48.135556,-18.011944,1
1378,Qualea multiflora,-46.821944,-17.959444,1
1379,Qualea multiflora,-44.28,-17.69,1
1380,Qualea multiflora,-43.826111,-17.944444,1
1381,Qualea multiflora,-64.435,-16.7261,1
1382,Qualea multiflora,-62.45,-16.6375,1
1383,Qualea multiflora,-62.0417,-16.4344,1
1384,Qualea multiflora,-54.63556,-16.47083,1
1385,Qualea multiflora,-53.35,-17.25,1
1386,Qualea multiflora,-52.666667,-16.45,1
1387,Qualea multiflora,-51.81028,-16.95694,1
1388,Qualea multiflora,-50.833333,-17.25,1
1389,Qualea multiflora,-49.259167,-16.844444,1
1390,Qualea multiflora,-48.6,-16.65,1
1391,Qualea multiflora,-48.023611,-16.515833,1
1392,Qualea multiflora,-46.8727,-17.22555,1
1393,Qualea multiflora,-46,-17,1
1394,Qualea multiflora,-45.116667,-16.75,1
1395,Qualea multiflora,-62,-16,1
1396,Qualea multiflora,-59.390277,-15.706944,1
1397,Qualea multiflora,-58.2955,-16.367111,1
1398,Qualea multiflora,-57.253333,-15.773333,1
1399,Qualea multiflora,-57.207556,-15.64675,1
1400,Qualea multiflora,-56.09667,-15.59611,1
1401,Qualea multiflora,-52.25,-15.916667,1
1402,Qualea multiflora,-51.818889,-15.723056,1
1403,Qualea multiflora,-50.385278,-15.3975,1
1404,Qualea multiflora,-50.15,-15.916667,1
1405,Qualea multiflora,-49.133333,-15.783333,1
1406,Qualea multiflora,-47.83,-15.85,1
1407,Qualea multiflora,-46.433333,-16.083333,1
1408,Qualea multiflora,-45.383333,-16.033333,1
1409,Qualea multiflora,-45.066667,-16.366667,1
1410,Qualea multiflora,-67.526672,-14.44778,1
1411,Qualea multiflora,-61.4922222,-14.5316667,1
1412,Qualea multiflora,-60.3958,-14.8114,1
1413,Qualea multiflora,-59.918333,-14.984722,1
1414,Qualea multiflora,-58.32,-14.58,1
1415,Qualea multiflora,-56.67,-15.18,1
1416,Qualea multiflora,-55.78,-15.37,1
1417,Qualea multiflora,-55.066667,-14.75,1
1418,Qualea multiflora,-52.33,-14.73,1
1419,Qualea multiflora,-52.23,-14.63,1
1420,Qualea multiflora,-49.3666667,-14.95,1
1421,Qualea multiflora,-48.423333,-14.698333,1
1422,Qualea multiflora,-47.762222,-15.094722,1
1423,Qualea multiflora,-47,-15,1
1424,Qualea multiflora,-45.983889,-15.255,1
1425,Qualea multiflora,-45,-15,1
1426,Qualea multiflora,-61.0172,-13.5639,1
1427,Qualea multiflora,-59.855,-13.487222,1
1428,Qualea multiflora,-58.116667,-14.366667,1
1429,Qualea multiflora,-56.5,-13.85,1
1430,Qualea multiflora,-55.4,-14.316667,1
1431,Qualea multiflora,-52.0775,-13.908139,1
1432,Qualea multiflora,-50.76,-13.68,1
1433,Qualea multiflora,-48.333,-13.833,1
1434,Qualea multiflora,-48.233,-13.583,1
1435,Qualea multiflora,-47.131389,-13.680833,1
1436,Qualea multiflora,-44.683333,-13.390833,1
1437,Qualea multiflora,-42.47,-14.06,1
1438,Qualea multiflora,-40.111111,-13.951111,1
1439,Qualea multiflora,-68.8427777,-13.0341666,1
1440,Qualea multiflora,-67.25,-13.08333,1
1441,Qualea multiflora,-64.65166,-12.48,1
1442,Qualea multiflora,-58.86,-13.32,1
1443,Qualea multiflora,-56.433333,-12.816667,1
1444,Qualea multiflora,-55.929878,-13.163117,1
1445,Qualea multiflora,-54.424489,-13.111294,1
1446,Qualea multiflora,-53.1725,-13.026111,1
1447,Qualea multiflora,-51.77,-12.82,1
1448,Qualea multiflora,-50.264722,-13,1
1449,Qualea multiflora,-49.505278,-12.725278,1
1450,Qualea multiflora,-48.566111,-12.854444,1
1451,Qualea multiflora,-48.218888,-13.179166,1
1452,Qualea multiflora,-47.131389,-13.130833,1
1453,Qualea multiflora,-70.25,-12,1
1454,Qualea multiflora,-63.935556,-12.183889,1
1455,Qualea multiflora,-60.408611,-12.298056,1
1456,Qualea multiflora,-51.427778,-11.6975,1
1457,Qualea multiflora,-51.076667,-11.597222,1
1458,Qualea multiflora,-49.86,-12.24,1
1459,Qualea multiflora,-49.057778,-11.77,1
1460,Qualea multiflora,-47.31367,-12.135747,1
1461,Qualea multiflora,-46.637031,-11.784106,1
1462,Qualea multiflora,-45.147222,-12.148611,1
1463,Qualea multiflora,-65.25,-10.73,1
1464,Qualea multiflora,-55.488333,-11.0025,1
1465,Qualea multiflora,-54.466667,-10.416667,1
1466,Qualea multiflora,-52.8731,-10.8339,1
1467,Qualea multiflora,-51.8314,-11.0544,1
1468,Qualea multiflora,-50.5025,-10.475278,1
1469,Qualea multiflora,-49.664444,-10.410556,1
1470,Qualea multiflora,-48.790278,-11.131944,1
1471,Qualea multiflora,-48.14,-10.44,1
1472,Qualea multiflora,-47.21,-10.54,1
1473,Qualea multiflora,-55.8,-9.5,1
1474,Qualea multiflora,-55,-10,1
1475,Qualea multiflora,-52.438333,-9.803611,1
1476,Qualea multiflora,-49.896111,-9.835833,1
1477,Qualea multiflora,-48.28,-10.18,1
1478,Qualea multiflora,-58.556389,-8.937778,1
1479,Qualea multiflora,-49.848333,-9.155556,1
1480,Qualea multiflora,-48.898056,-8.730278,1
1481,Qualea multiflora,-43.919722,-9.18,1
1482,Qualea multiflora,-49.266389,-8.263056,1
1483,Qualea multiflora,-47.4725,-7.425555,1
1484,Qualea multiflora,-45.019986,-6.697783,1
1485,Qualea multiflora,-41.76,-6.299722,1
1486,Qualea multiflora,-43.064722,-4.77,1
1487,Qualea parviflora,-55,-24.33333,1
1488,Qualea parviflora,-48,-23.566667,1
1489,Qualea parviflora,-57.6181,-22.6192,1
1490,Qualea parviflora,-57,-23,1
1491,Qualea parviflora,-56,-23,1
1492,Qualea parviflora,-50.366667,-22.583333,1
1493,Qualea parviflora,-49.0459,-22.6065,1
1494,Qualea parviflora,-46.95,-22.4333,1
1495,Qualea parviflora,-57.6183334,-22.3777778,1
1496,Qualea parviflora,-56.5,-22.13333,1
1497,Qualea parviflora,-53.316667,-22.066667,1
1498,Qualea parviflora,-53.216667,-21.65,1
1499,Qualea parviflora,-50.567694,-21.537611,1
1500,Qualea parviflora,-49.0297,-22.3553,1
1501,Qualea parviflora,-47.578056,-21.612222,1
1502,Qualea parviflora,-47.0047,-21.4678,1
1503,Qualea parviflora,-59.88,-20.94,1
1504,Qualea parviflora,-56.676389,-20.879167,1
1505,Qualea parviflora,-55.625556,-20.439167,1
1506,Qualea parviflora,-54.426944,-20.668472,1
1507,Qualea parviflora,-52.265556,-20.624167,1
1508,Qualea parviflora,-51.723889,-20.815833,1
1509,Qualea parviflora,-50.0875,-20.4222,1
1510,Qualea parviflora,-47.7333333,-20.8,1
1511,Qualea parviflora,-46.420556,-20.653611,1
1512,Qualea parviflora,-46.024167,-20.514167,1
1513,Qualea parviflora,-44.479142,-21.209419,1
1514,Qualea parviflora,-55.733333,-20.366944,1
1515,Qualea parviflora,-55.151944,-19.739722,1
1516,Qualea parviflora,-51.4189,-20.3672,1
1517,Qualea parviflora,-50.189083,-19.760917,1
1518,Qualea parviflora,-47.273056,-20.164444,1
1519,Qualea parviflora,-46.905056,-20.291139,1
1520,Qualea parviflora,-44.674361,-19.437972,1
1521,Qualea parviflora,-43.882778,-19.455278,1
1522,Qualea parviflora,-57.850556,-19.218139,1
1523,Qualea parviflora,-56.783333,-19.066667,1
1524,Qualea parviflora,-55.283333,-18.664167,1
1525,Qualea parviflora,-55.179444,-18.667222,1
1526,Qualea parviflora,-51.995278,-18.439444,1
1527,Qualea parviflora,-49.467778,-19.033333,1
1528,Qualea parviflora,-48.4625,-18.828889,1
1529,Qualea parviflora,-46.802778,-19.104722,1
1530,Qualea parviflora,-45.541944,-18.598056,1
1531,Qualea parviflora,-44.823111,-18.643222,1
1532,Qualea parviflora,-43.666111,-19.226111,1
1533,Qualea parviflora,-42.594722,-19.221389,1
1534,Qualea parviflora,-61.5,-17.5,1
1535,Qualea parviflora,-60.663611,-17.861389,1
1536,Qualea parviflora,-59.683333,-18.333333,1
1537,Qualea parviflora,-57.86666,-18.18333,1
1538,Qualea parviflora,-56.383333,-18.033333,1
1539,Qualea parviflora,-56.051181,-17.901536,1
1540,Qualea parviflora,-55.133333,-17.983333,1
1541,Qualea parviflora,-53.680556,-18.1475,1
1542,Qualea parviflora,-52.416667,-17.433333,1
1543,Qualea parviflora,-51.462222,-18.179167,1
1544,Qualea parviflora,-50.681667,-18.247222,1
1545,Qualea parviflora,-50.0839,-17.6472,1
1546,Qualea parviflora,-48.516667,-17.8,1
1547,Qualea parviflora,-48.022444,-18.011944,1
1548,Qualea parviflora,-47.156666,-17.727777,1
1549,Qualea parviflora,-45.333333,-18.133333,1
1550,Qualea parviflora,-44.73056,-17.59833,1
1551,Qualea parviflora,-44.171667,-17.729167,1
1552,Qualea parviflora,-64.435,-16.7261,1
1553,Qualea parviflora,-62.1091667,-16.4402777,1
1554,Qualea parviflora,-58.4666667,-16.55,1
1555,Qualea parviflora,-56.267,-16.642833,1
1556,Qualea parviflora,-54.579,-16.459528,1
1557,Qualea parviflora,-53.533333,-16.933333,1
1558,Qualea parviflora,-52.666667,-16.45,1
1559,Qualea parviflora,-51.579167,-16.989167,1
1560,Qualea parviflora,-50.627222,-16.992056,1
1561,Qualea parviflora,-49.288737,-16.787429,1
1562,Qualea parviflora,-49.21833,-16.40667,1
1563,Qualea parviflora,-48,-17,1
1564,Qualea parviflora,-47.032222,-17.044167,1
1565,Qualea parviflora,-46.066667,-17.2,1
1566,Qualea parviflora,-45.116667,-16.75,1
1567,Qualea parviflora,-43.283333,-16.416667,1
1568,Qualea parviflora,-42.34306,-16.80444,1
1569,Qualea parviflora,-62,-16,1
1570,Qualea parviflora,-58.306667,-16.356389,1
1571,Qualea parviflora,-57.825028,-16.060667,1
1572,Qualea parviflora,-56.62278,-16.25694,1
1573,Qualea parviflora,-56.083333,-15.766667,1
1574,Qualea parviflora,-54.630322,-15.876186,1
1575,Qualea parviflora,-53.46,-15.84,1
1576,Qualea parviflora,-52.25,-15.883333,1
1577,Qualea parviflora,-52.2,-16.125833,1
1578,Qualea parviflora,-50.383333,-16.183333,1
1579,Qualea parviflora,-50.215,-16.12694,1
1580,Qualea parviflora,-48.9592,-15.8525,1
1581,Qualea parviflora,-48.166667,-15.416667,1
1582,Qualea parviflora,-46.383333,-16.066667,1
1583,Qualea parviflora,-45.803972,-15.430778,1
1584,Qualea parviflora,-45.116667,-16.35,1
1585,Qualea parviflora,-43.380013,-15.839993,1
1586,Qualea parviflora,-42.770278,-15.903889,1
1587,Qualea parviflora,-42.101944,-15.734444,1
1588,Qualea parviflora,-60.39277,-14.80305,1
1589,Qualea parviflora,-60,-15,1
1590,Qualea parviflora,-58.5,-14.833333,1
1591,Qualea parviflora,-56.25,-14.6,1
1592,Qualea parviflora,-55.804167,-15.290278,1
1593,Qualea parviflora,-55,-14.966667,1
1594,Qualea parviflora,-52.333333,-14.75,1
1595,Qualea parviflora,-52.233333,-14.633333,1
1596,Qualea parviflora,-51.066667,-15.3,1
1597,Qualea parviflora,-49.4267,-15.2981,1
1598,Qualea parviflora,-49.05,-14.633333,1
1599,Qualea parviflora,-48,-15,1
1600,Qualea parviflora,-46.249722,-14.830556,1
1601,Qualea parviflora,-46.123306,-14.564722,1
1602,Qualea parviflora,-45,-15,1
1603,Qualea parviflora,-43.003056,-14.972778,1
1604,Qualea parviflora,-60.7666667,-14.35,1
1605,Qualea parviflora,-59.04,-13.68,1
1606,Qualea parviflora,-58.1,-14.333333,1
1607,Qualea parviflora,-56.45,-14.333333,1
1608,Qualea parviflora,-55.339167,-13.55,1
1609,Qualea parviflora,-52.15833,-14.05028,1
1610,Qualea parviflora,-51,-14.366667,1
1611,Qualea parviflora,-50,-14,1
1612,Qualea parviflora,-48.88167,-13.65361,1
1613,Qualea parviflora,-47.637778,-14.066389,1
1614,Qualea parviflora,-47,-14,1
1615,Qualea parviflora,-45.583333,-13.5,1
1616,Qualea parviflora,-44.683333,-13.45,1
1617,Qualea parviflora,-44.2125,-14.231667,1
1618,Qualea parviflora,-42.6,-14.1166667,1
1619,Qualea parviflora,-41.828056,-13.597778,1
1620,Qualea parviflora,-41.15,-13.4,1
1621,Qualea parviflora,-40.082222,-13.596666,1
1622,Qualea parviflora,-67.25,-13.08333,1
1623,Qualea parviflora,-60.347222,-12.521111,1
1624,Qualea parviflora,-60.17,-12.75,1
1625,Qualea parviflora,-56.216667,-12.416667,1
1626,Qualea parviflora,-52.566667,-13.2,1
1627,Qualea parviflora,-51.77,-12.82,1
1628,Qualea parviflora,-50.766667,-13.1,1
1629,Qualea parviflora,-49.771667,-12.561667,1
1630,Qualea parviflora,-48.707222,-12.791389,1
1631,Qualea parviflora,-48.233888,-12.802222,1
1632,Qualea parviflora,-46.95,-12.9,1
1633,Qualea parviflora,-45.621111,-12.596111,1
1634,Qualea parviflora,-45.2044444,-12.4805556,1
1635,Qualea parviflora,-44.235,-13.035833,1
1636,Qualea parviflora,-42.753333,-13.089722,1
1637,Qualea parviflora,-42.083333,-13.316667,1
1638,Qualea parviflora,-41.1,-13.15,1
1639,Qualea parviflora,-67.98333,-11.73333,1
1640,Qualea parviflora,-57.268611,-11.661944,1
1641,Qualea parviflora,-55.7,-11.7,1
1642,Qualea parviflora,-50.976944,-11.575278,1
1643,Qualea parviflora,-49.396111,-12.130556,1
1644,Qualea parviflora,-49.116667,-11.716667,1
1645,Qualea parviflora,-47.7025,-11.693889,1
1646,Qualea parviflora,-46.957222,-12.1675,1
1647,Qualea parviflora,-46,-11.45,1
1648,Qualea parviflora,-44.6175,-12.1575,1
1649,Qualea parviflora,-43.277778,-11.556944,1
1650,Qualea parviflora,-42.691111,-12.025278,1
1651,Qualea parviflora,-37.716389,-12.014167,1
1652,Qualea parviflora,-55.741944,-10.986667,1
1653,Qualea parviflora,-54.43,-10.45,1
1654,Qualea parviflora,-52.8731,-10.8339,1
1655,Qualea parviflora,-50.729167,-11.135555,1
1656,Qualea parviflora,-49.62333,-10.79361,1
1657,Qualea parviflora,-49.18194,-10.44278,1
1658,Qualea parviflora,-47.487222,-10.698333,1
1659,Qualea parviflora,-46.65,-10.55,1
1660,Qualea parviflora,-45.493333,-11.118611,1
1661,Qualea parviflora,-44.352222,-11.128333,1
1662,Qualea parviflora,-43.366417,-10.680167,1
1663,Qualea parviflora,-42.718722,-11.185389,1
1664,Qualea parviflora,-41.408833,-10.408056,1
1665,Qualea parviflora,-39.733333,-10.65,1
1666,Qualea parviflora,-59.3,-9.983333,1
1667,Qualea parviflora,-58.258722,-9.81975,1
1668,Qualea parviflora,-56.814917,-10.346917,1
1669,Qualea parviflora,-54.93278,-10.0575,1
1670,Qualea parviflora,-52.6666667,-9.9,1
1671,Qualea parviflora,-51.866667,-10.183333,1
1672,Qualea parviflora,-51.233333,-10.166667,1
1673,Qualea parviflora,-49.5,-9.72,1
1674,Qualea parviflora,-48.2775,-10.345556,1
1675,Qualea parviflora,-48.216667,-10,1
1676,Qualea parviflora,-46.509444,-10.356444,1
1677,Qualea parviflora,-44.5497222,-9.8380555,1
1678,Qualea parviflora,-43.428333,-10.208889,1
1679,Qualea parviflora,-42.854167,-10.119167,1
1680,Qualea parviflora,-41.217,-10.35,1
1681,Qualea parviflora,-61.7,-8.45,1
1682,Qualea parviflora,-60.876667,-9.104722,1
1683,Qualea parviflora,-57.863056,-9.127222,1
1684,Qualea parviflora,-54.96444,-8.73667,1
1685,Qualea parviflora,-49.623056,-9.156111,1
1686,Qualea parviflora,-48.978333,-8.829444,1
1687,Qualea parviflora,-48.070556,-8.761667,1
1688,Qualea parviflora,-46.7625,-8.692222,1
1689,Qualea parviflora,-45.929722,-9.110833,1
1690,Qualea parviflora,-45.0666667,-9.05,1
1691,Qualea parviflora,-43.5372222,-9.245,1
1692,Qualea parviflora,-42.538644,-8.798772,1
1693,Qualea parviflora,-63.776389,-8.186667,1
1694,Qualea parviflora,-63.17,-7.516667,1
1695,Qualea parviflora,-61.816667,-8.316667,1
1696,Qualea parviflora,-49.266414,-8.262992,1
1697,Qualea parviflora,-47.438333,-7.726389,1
1698,Qualea parviflora,-46.338889,-7.437778,1
1699,Qualea parviflora,-45.666667,-7.4,1
1700,Qualea parviflora,-45.07,-7.4,1
1701,Qualea parviflora,-42.311026,-8.381946,1
1702,Qualea parviflora,-39.348611,-7.407778,1
1703,Qualea parviflora,-38.734722,-7.465,1
1704,Qualea parviflora,-51.905278,-6.388056,1
1705,Qualea parviflora,-48.372222,-7.357222,1
1706,Qualea parviflora,-47.46917,-7.33306,1
1707,Qualea parviflora,-46.99675,-7.232167,1
1708,Qualea parviflora,-45.35,-7.155833,1
1709,Qualea parviflora,-45.07,-7.38,1
1710,Qualea parviflora,-43.524444,-6.833056,1
1711,Qualea parviflora,-41.936389,-7.241944,1
1712,Qualea parviflora,-39.300611,-7.300611,1
1713,Qualea parviflora,-38.870556,-6.852778,1
1714,Qualea parviflora,-36.48,-6.48,1
1715,Qualea parviflora,-50.44,-6.349444,1
1716,Qualea parviflora,-50.121111,-6.354722,1
1717,Qualea parviflora,-48.433333,-6.233333,1
1718,Qualea parviflora,-48.018056,-5.891389,1
1719,Qualea parviflora,-46.66973,-5.597149,1
1720,Qualea parviflora,-44.729167,-6.178333,1
1721,Qualea parviflora,-42.832917,-6.230139,1
1722,Qualea parviflora,-41.5,-5.433333,1
1723,Qualea parviflora,-38.381389,-6.166667,1
1724,Qualea parviflora,-36.299722,-5.58,1
1725,Qualea parviflora,-43.357844,-4.881518,1
1726,Qualea parviflora,-42.67,-5.33,1
1727,Qualea parviflora,-42.071417,-4.865389,1
1728,Qualea parviflora,-40.883333,-4.666667,1
1729,Qualea parviflora,-43.92,-3.6,1
1730,Qualea parviflora,-42.56,-3.499722,1
1731,Qualea parviflora,-41.705556,-4.103889,1
1732,Qualea parviflora,-40.702778,-4.054167,1
1733,Qualea parviflora,-44.302778,-2.529722,1
1734,Qualea parviflora,-44.200972,-3.331722,1
1735,Qualea parviflora,-42.799722,-2.75,1
1736,Qualea parviflora,-42.09,-3.24,1
1737,Qualea parviflora,-40.9166667,-3.0166667,1
1738,Salvertia convallariodora,-47.358139,-23.88158,1
1739,Salvertia convallariodora,-54.615556,-20.508056,1
1740,Salvertia convallariodora,-46.360833,-20.6575,1
1741,Salvertia convallariodora,-54.439167,-20.158056,1
1742,Salvertia convallariodora,-54,-19.44,1
1743,Salvertia convallariodora,-51.749444,-20.125833,1
1744,Salvertia convallariodora,-48.4,-19.9,1
1745,Salvertia convallariodora,-47.4333333,-20.1666667,1
1746,Salvertia convallariodora,-46.843336,-20.346562,1
1747,Salvertia convallariodora,-44.884011,-19.482556,1
1748,Salvertia convallariodora,-43.74472,-19.51361,1
1749,Salvertia convallariodora,-51.995278,-18.439444,1
1750,Salvertia convallariodora,-49.786389,-19.213333,1
1751,Salvertia convallariodora,-48.393056,-19.181667,1
1752,Salvertia convallariodora,-47.266667,-19.333333,1
1753,Salvertia convallariodora,-47.16,-19.2,1
1754,Salvertia convallariodora,-45.066667,-18.416667,1
1755,Salvertia convallariodora,-43.713056,-19.170556,1
1756,Salvertia convallariodora,-61.5,-17.5,1
1757,Salvertia convallariodora,-53.272778,-18.261111,1
1758,Salvertia convallariodora,-51.711944,-17.900278,1
1759,Salvertia convallariodora,-50.608056,-18.341389,1
1760,Salvertia convallariodora,-48.313889,-17.551311,1
1761,Salvertia convallariodora,-48.133611,-18.006111,1
1762,Salvertia convallariodora,-46.161389,-17.768056,1
1763,Salvertia convallariodora,-45.227494,-18.205287,1
1764,Salvertia convallariodora,-43.538889,-17.560833,1
1765,Salvertia convallariodora,-64.435,-16.7261,1
1766,Salvertia convallariodora,-54.63556,-16.47083,1
1767,Salvertia convallariodora,-52.625556,-17.339722,1
1768,Salvertia convallariodora,-51.660833,-17.149167,1
1769,Salvertia convallariodora,-50.6375,-16.989722,1
1770,Salvertia convallariodora,-49.350562,-16.813234,1
1771,Salvertia convallariodora,-46.8475,-17.173889,1
1772,Salvertia convallariodora,-45.883333,-17.166667,1
1773,Salvertia convallariodora,-43.312222,-17.325,1
1774,Salvertia convallariodora,-62,-16,1
1775,Salvertia convallariodora,-58.291389,-16.368056,1
1776,Salvertia convallariodora,-57.267594,-15.8223,1
1777,Salvertia convallariodora,-57.207556,-15.64675,1
1778,Salvertia convallariodora,-56.07667,-15.86583,1
1779,Salvertia convallariodora,-54.364167,-15.462778,1
1780,Salvertia convallariodora,-54.213611,-15.659167,1
1781,Salvertia convallariodora,-52.74,-16.2,1
1782,Salvertia convallariodora,-50.302778,-15.496111,1
1783,Salvertia convallariodora,-48.918889,-15.815,1
1784,Salvertia convallariodora,-47.67,-15.67,1
1785,Salvertia convallariodora,-46.247971,-15.871086,1
1786,Salvertia convallariodora,-46.172989,-16.165163,1
1787,Salvertia convallariodora,-44.742528,-15.574306,1
1788,Salvertia convallariodora,-42.182778,-15.5875,1
1789,Salvertia convallariodora,-60.8414,-14.5792,1
1790,Salvertia convallariodora,-59.779167,-14.516667,1
1791,Salvertia convallariodora,-56.25,-14.616667,1
1792,Salvertia convallariodora,-55.716667,-15.333333,1
1793,Salvertia convallariodora,-55.233333,-14.633333,1
1794,Salvertia convallariodora,-54.040833,-15.230556,1
1795,Salvertia convallariodora,-52.35306,-14.67333,1
1796,Salvertia convallariodora,-49.916667,-14.516667,1
1797,Salvertia convallariodora,-48.966667,-14.55,1
1798,Salvertia convallariodora,-47.427778,-15.351389,1
1799,Salvertia convallariodora,-47,-15.116667,1
1800,Salvertia convallariodora,-45.95417,-15.34583,1
1801,Salvertia convallariodora,-44.683611,-15.3325,1
1802,Salvertia convallariodora,-60.8128,-13.8986,1
1803,Salvertia convallariodora,-59.95,-13.7333333,1
1804,Salvertia convallariodora,-56.533333,-13.866667,1
1805,Salvertia convallariodora,-52.15833,-14.05028,1
1806,Salvertia convallariodora,-49.291389,-14.198333,1
1807,Salvertia convallariodora,-48.3125,-13.586111,1
1808,Salvertia convallariodora,-48.066667,-14.2,1
1809,Salvertia convallariodora,-46.259719,-14.143508,1
1810,Salvertia convallariodora,-45.783333,-13.6575,1
1811,Salvertia convallariodora,-44.666667,-14.381389,1
1812,Salvertia convallariodora,-44.197778,-14.234722,1
1813,Salvertia convallariodora,-64.67083,-12.47666,1
1814,Salvertia convallariodora,-60.347222,-12.521111,1
1815,Salvertia convallariodora,-56.3,-12.6,1
1816,Salvertia convallariodora,-51.866667,-12.9,1
1817,Salvertia convallariodora,-49.528056,-12.738611,1
1818,Salvertia convallariodora,-48.245833,-12.7975,1
1819,Salvertia convallariodora,-48.117222,-13.05,1
1820,Salvertia convallariodora,-46.865833,-13.243056,1
1821,Salvertia convallariodora,-46.009444,-12.969722,1
1822,Salvertia convallariodora,-45.033333,-12.665,1
1823,Salvertia convallariodora,-42.753333,-13.089722,1
1824,Salvertia convallariodora,-41,-13,1
1825,Salvertia convallariodora,-66.559722,-11.543056,1
1826,Salvertia convallariodora,-62.066111,-12.265833,1
1827,Salvertia convallariodora,-61.02,-12.22,1
1828,Salvertia convallariodora,-50.943972,-11.580528,1
1829,Salvertia convallariodora,-48.772778,-11.775833,1
1830,Salvertia convallariodora,-47.34,-12.24,1
1831,Salvertia convallariodora,-47.211111,-11.593611,1
1832,Salvertia convallariodora,-46,-11.45,1
1833,Salvertia convallariodora,-44.983333,-12.15,1
1834,Salvertia convallariodora,-42.6125,-11.618611,1
1835,Salvertia convallariodora,-66.25,-11.36667,1
1836,Salvertia convallariodora,-65.75,-11.083333,1
1837,Salvertia convallariodora,-52.8731,-10.8339,1
1838,Salvertia convallariodora,-50.5,-10.416667,1
1839,Salvertia convallariodora,-48.262778,-10.42,1
1840,Salvertia convallariodora,-48.094722,-10.455833,1
1841,Salvertia convallariodora,-46.606583,-10.591,1
1842,Salvertia convallariodora,-46.142,-10.630639,1
1843,Salvertia convallariodora,-44.819722,-11.159722,1
1844,Salvertia convallariodora,-43.366417,-10.680167,1
1845,Salvertia convallariodora,-42.720556,-11.106667,1
1846,Salvertia convallariodora,-56.815,-10.346667,1
1847,Salvertia convallariodora,-55.455556,-9.504167,1
1848,Salvertia convallariodora,-48.6,-9.899722,1
1849,Salvertia convallariodora,-48.096389,-10.294167,1
1850,Salvertia convallariodora,-46.252778,-10.339722,1
1851,Salvertia convallariodora,-61.654167,-8.436944,1
1852,Salvertia convallariodora,-47.88,-9.18,1
1853,Salvertia convallariodora,-47.093889,-8.709167,1
1854,Salvertia convallariodora,-63.833333,-7.6,1
1855,Salvertia convallariodora,-63.166667,-7.516667,1
1856,Salvertia convallariodora,-62.13,-7.6,1
1857,Salvertia convallariodora,-49.854833,-8.233833,1
1858,Salvertia convallariodora,-46.338889,-7.437778,1
1859,Salvertia convallariodora,-45.8166667,-8.2333333,1
1860,Salvertia convallariodora,-48.372222,-7.357222,1
1861,Salvertia convallariodora,-48.237222,-7.328056,1
1862,Salvertia convallariodora,-45.35,-7.155833,1
1863,Salvertia convallariodora,-44.476864,-6.392611,1
1864,Salvertia convallariodora,-42.146389,-7.017778,1
1865,Salvertia convallariodora,-36.48,-6.66,1
1866,Salvertia convallariodora,-48.45,-6.216667,1
1867,Salvertia convallariodora,-47.49167,-5.52667,1
1868,Salvertia convallariodora,-46.669958,-5.595106,1
1869,Salvertia convallariodora,-46.157788,-5.873846,1
1870,Salvertia convallariodora,-43.715556,-5.725611,1
1871,Salvertia convallariodora,-36.48,-5.58,1
1872,Salvertia convallariodora,-43.425,-4.815,1
1873,Salvertia convallariodora,-43.188889,-4.815,1
1874,Salvertia convallariodora,-41.633333,-5.283333,1
1875,Salvertia convallariodora,-44.358611,-3.3925,1
1876,Salvertia convallariodora,-42.56,-3.499722,1
1877,Salvertia convallariodora,-41.833333,-3.433333,1
1878,Salvertia convallariodora,-54.916667,-2.483333,1
1879,Salvertia convallariodora,-42.826389,-2.746944,1
1880,Salvertia convallariodora,-40.561501,-3.314212,1
1881,Salvertia convallariodora,-54.65,-1.883333,1
1882,Salvertia convallariodora,-54.186944,-2.026111,1
1883,Salvertia convallariodora,-49.498481,-2.241489,1
1884,Salvertia convallariodora,-48.51545,-0.756331,1
1885,Salvertia convallariodora,-51.35319,-0.178816,1
1886,Salvertia convallariodora,-51.114119,0.196728,1
1887,Salvertia convallariodora,-56.0333333,2.1,1
1888,Schistochlamys ruficapillus,-49.3608,-24.1086,1
1889,Schistochlamys ruficapillus,-46.316667,-23.783333,1
1890,Schistochlamys ruficapillus,-48.4,-22.783333,1
1891,Schistochlamys ruficapillus,-44.57,-22.5,1
1892,Schistochlamys ruficapillus,-42.98,-22.43,1
1893,Schistochlamys ruficapillus,-46.4834,-20.3501,1
1894,Schistochlamys ruficapillus,-44.23147,-19.46485,1
1895,Schistochlamys ruficapillus,-42.366667,-20.083333,1
1896,Schistochlamys ruficapillus,-43.6189,-19.3481,1
1897,Tersina viridis,-55.769785,-27.178924,1
1898,Tersina viridis,-54.434214,-26.937715,1
1899,Tersina viridis,-53.8018,-26.5723,1
1900,Tersina viridis,-54.451,-25.688,1
1901,Tersina viridis,-48.833333,-26.3,1
1902,Tersina viridis,-48.1,-24.53,1
1903,Tersina viridis,-55.896339,-23.404383,1
1904,Tersina viridis,-48.45,-23.71667,1
1905,Tersina viridis,-47.866667,-24.333333,1
1906,Tersina viridis,-45.412502,-23.761309,1
1907,Tersina viridis,-55.533333,-23.266667,1
1908,Tersina viridis,-44.57,-22.5,1
1909,Tersina viridis,-43.35,-22.91667,1
1910,Tersina viridis,-42.3662,-22.3926,1
1911,Tersina viridis,-44.7877,-22.3553,1
1912,Tersina viridis,-51.4833,-21.1,1
1913,Tersina viridis,-49.5,-20.58333,1
1914,Tersina viridis,-46.5234,-20.309,1
1915,Tersina viridis,-42.37,-20.08,1
1916,Tersina viridis,-63.78,-18.82,1
1917,Tersina viridis,-59.6,-18.4,1
1918,Tersina viridis,-54.75,-18.5,1
1919,Tersina viridis,-44.15,-18.8,1
1920,Tersina viridis,-63.661437,-17.459607,1
1921,Tersina viridis,-55.75,-15.41667,1
1922,Tersina viridis,-49.5,-16.36667,1
1923,Tersina viridis,-67.528333,-14.442222,1
1924,Tersina viridis,-49.03333,-14.58333,1
1925,Tersina viridis,-51.683618,-14.078614,1
1926,Tersina viridis,-48.9,-13.62,1
1927,Tersina viridis,-47.516667,-14.116667,1
1928,Tersina viridis,-40.1001,-14.3834,1
1929,Tersina viridis,-54.0332,-12.49964,1
1930,Tersina viridis,-41.5166,-13.27567,1
1931,Tersina viridis,-55.932,-9.5981,1
1932,Tersina viridis,-55,-10,1
1933,Tersina viridis,-37.21667,-8.25,1
1934,Tersina viridis,-59.66667,-5.28333,1
1935,Thraupis sayaca,-58.4225,-33.666,1
1936,Thraupis sayaca,-59.310561,-33.145805,1
1937,Thraupis sayaca,-58.209042,-31.867094,1
1938,Thraupis sayaca,-59.0167,-31.1333,1
1939,Thraupis sayaca,-58.013822,-30.74098,1
1940,Thraupis sayaca,-58.98,-29.62,1
1941,Thraupis sayaca,-54.81667,-29.88333,1
1942,Thraupis sayaca,-57.196042,-28.545957,1
1943,Thraupis sayaca,-51.159036,-29.230862,1
1944,Thraupis sayaca,-58.031629,-28.015451,1
1945,Thraupis sayaca,-55.654,-28.173,1
1946,Thraupis sayaca,-55.7777,-27.1844,1
1947,Thraupis sayaca,-53.8018,-26.5723,1
1948,Thraupis sayaca,-52.45,-27.36667,1
1949,Thraupis sayaca,-57.5,-25.616667,1
1950,Thraupis sayaca,-54.52,-25.87,1
1951,Thraupis sayaca,-53.9,-25.9833,1
1952,Thraupis sayaca,-48.83333,-26.3,1
1953,Thraupis sayaca,-57.6667,-25.2667,1
1954,Thraupis sayaca,-47.633333,-24.583333,1
1955,Thraupis sayaca,-65.3,-24.18333,1
1956,Thraupis sayaca,-56.300007,-23.803673,1
1957,Thraupis sayaca,-48.4167,-24.2667,1
1958,Thraupis sayaca,-47.866667,-24.333333,1
1959,Thraupis sayaca,-46.738129,-23.520102,1
1960,Thraupis sayaca,-45.3026,-23.5684,1
1961,Thraupis sayaca,-45.0645,-23.3958,1
1962,Thraupis sayaca,-49.93742,-22.772117,1
1963,Thraupis sayaca,-46.641048,-23.057273,1
1964,Thraupis sayaca,-45.534444,-22.719444,1
1965,Thraupis sayaca,-44.5581,-22.9578,1
1966,Thraupis sayaca,-43.3,-22.73333,1
1967,Thraupis sayaca,-42.3662,-22.3926,1
1968,Thraupis sayaca,-59.95,-22,1
1969,Thraupis sayaca,-51.88,-21.57,1
1970,Thraupis sayaca,-49.75,-21.666667,1
1971,Thraupis sayaca,-49.066667,-22.316667,1
1972,Thraupis sayaca,-47.8867,-22.2361,1
1973,Thraupis sayaca,-47.03,-21.9,1
1974,Thraupis sayaca,-44.7334,-22.3667,1
1975,Thraupis sayaca,-55.8,-20.46667,1
1976,Thraupis sayaca,-54.816667,-21.283333,1
1977,Thraupis sayaca,-51.4833,-21.1,1
1978,Thraupis sayaca,-50.416667,-21.2,1
1979,Thraupis sayaca,-49.5,-20.58333,1
1980,Thraupis sayaca,-44.1501,-21.1167,1
1981,Thraupis sayaca,-51.18333,-19.66667,1
1982,Thraupis sayaca,-43.4834,-20.3667,1
1983,Thraupis sayaca,-42.553365,-19.50243,1
1984,Thraupis sayaca,-40.287175,-20.352681,1
1985,Thraupis sayaca,-57.633333,-19.15,1
1986,Thraupis sayaca,-54.75,-18.5,1
1987,Thraupis sayaca,-50.86667,-18.88333,1
1988,Thraupis sayaca,-41.904965,-18.809821,1
1989,Thraupis sayaca,-40.0645,-19.1456,1
1990,Thraupis sayaca,-54.63333,-16.46667,1
1991,Thraupis sayaca,-49.26679,-16.70103,1
1992,Thraupis sayaca,-49.233333,-16.416667,1
1993,Thraupis sayaca,-56.6167,-16.3834,1
1994,Thraupis sayaca,-56.08333,-15.58333,1
1995,Thraupis sayaca,-52.25,-15.916667,1
1996,Thraupis sayaca,-52.24128,-15.89948,1
1997,Thraupis sayaca,-49.75,-15.82099,1
1998,Thraupis sayaca,-49.03333,-14.58333,1
1999,Thraupis sayaca,-47.27291,-15.234948,1
2000,Thraupis sayaca,-39.5709,-15.3851,1
2001,Thraupis sayaca,-48.9,-13.62,1
2002,Thraupis sayaca,-47.516667,-14.116667,1
2003,Thraupis sayaca,-47.2,-13.4,1
2004,Thraupis sayaca,-39.41667,-14.3,1
2005,Thraupis sayaca,-48.083333,-12.483333,1
2006,Thraupis sayaca,-41.38884,-12.541917,1
2007,Thraupis sayaca,-44.53,-11,1
2008,Thraupis sayaca,-43.65,-10.72,1
2009,Thraupis sayaca,-37.8,-9.65,1
2010,Thraupis sayaca,-36.526213,-9.423338,1
2011,Thraupis sayaca,-35.78884,-9.518745,1
2012,Thraupis sayaca,-36.015789,-9.166196,1
2013,Thraupis sayaca,-38.476126,-3.768122,1
2014,Thraupis sayaca,-75.725807,1.487474,1
2015,Trembleya laniflora,-44.233889,-20.735278,1
2016,Trembleya laniflora,-41.716667,-20.483333,1
2017,Trembleya laniflora,-44.261944,-20.037222,1
2018,Trembleya laniflora,-43.93778,-19.92083,1
2019,Trembleya laniflora,-49.561944,-19.273,1
2020,Trembleya laniflora,-45.44222,-18.78778,1
2021,Trembleya laniflora,-43.71417,-19.16917,1
2022,Trembleya laniflora,-43.620778,-18.182917,1
2023,Trembleya laniflora,-52.8731,-10.8339,1
2024,Vochysia cinnamomea,-56,-23,1
2025,Vochysia cinnamomea,-49.9922,-22.5303,1
2026,Vochysia cinnamomea,-48.283333,-22.8,1
2027,Vochysia cinnamomea,-47.5022,-23.270419,1
2028,Vochysia cinnamomea,-50.9788,-22.3714,1
2029,Vochysia cinnamomea,-49.0297,-22.3553,1
2030,Vochysia cinnamomea,-47.88972,-22.01028,1
2031,Vochysia cinnamomea,-46.9422,-22.3722,1
2032,Vochysia cinnamomea,-55.637222,-20.443889,1
2033,Vochysia cinnamomea,-54.613611,-20.508889,1
2034,Vochysia cinnamomea,-52.73,-20.48,1
2035,Vochysia cinnamomea,-52.061667,-20.750556,1
2036,Vochysia cinnamomea,-49.246389,-20.543611,1
2037,Vochysia cinnamomea,-47.8103,-21.1775,1
2038,Vochysia cinnamomea,-46.514444,-20.506111,1
2039,Vochysia cinnamomea,-45.882111,-20.426583,1
2040,Vochysia cinnamomea,-44.742222,-21.290278,1
2041,Vochysia cinnamomea,-55.303611,-19.684167,1
2042,Vochysia cinnamomea,-54.45,-19.516667,1
2043,Vochysia cinnamomea,-52.338611,-19.872778,1
2044,Vochysia cinnamomea,-51.5375,-19.836111,1
2045,Vochysia cinnamomea,-47.433333,-19.85,1
2046,Vochysia cinnamomea,-46.905194,-20.291889,1
2047,Vochysia cinnamomea,-46.033333,-20.385,1
2048,Vochysia cinnamomea,-43.248576,-19.948004,1
2049,Vochysia cinnamomea,-55.865278,-18.884444,1
2050,Vochysia cinnamomea,-53.9,-18.966667,1
2051,Vochysia cinnamomea,-52.573889,-18.428333,1
2052,Vochysia cinnamomea,-51.995278,-18.439444,1
2053,Vochysia cinnamomea,-49.465,-18.96917,1
2054,Vochysia cinnamomea,-48.277222,-18.918611,1
2055,Vochysia cinnamomea,-48.092778,-19.039167,1
2056,Vochysia cinnamomea,-46.2547,-19.3451,1
2057,Vochysia cinnamomea,-43.576833,-19.229667,1
2058,Vochysia cinnamomea,-55.4,-17.766667,1
2059,Vochysia cinnamomea,-53.272778,-18.261111,1
2060,Vochysia cinnamomea,-52.05,-17.516667,1
2061,Vochysia cinnamomea,-46.450556,-18.373333,1
2062,Vochysia cinnamomea,-44,-18,1
2063,Vochysia cinnamomea,-54.582842,-16.459772,1
2064,Vochysia cinnamomea,-51.816667,-16.95,1
2065,Vochysia cinnamomea,-49.42639,-16.49611,1
2066,Vochysia cinnamomea,-48.533333,-16.766667,1
2067,Vochysia cinnamomea,-47.616167,-16.873,1
2068,Vochysia cinnamomea,-57.483917,-15.970833,1
2069,Vochysia cinnamomea,-57.203444,-15.640583,1
2070,Vochysia cinnamomea,-56.070833,-15.729167,1
2071,Vochysia cinnamomea,-48.763333,-15.8125,1
2072,Vochysia cinnamomea,-47.3344,-15.5372,1
2073,Vochysia cinnamomea,-45.266667,-16.366667,1
2074,Vochysia cinnamomea,-58.32,-14.58,1
2075,Vochysia cinnamomea,-56.25,-14.5,1
2076,Vochysia cinnamomea,-56.183333,-14.533333,1
2077,Vochysia cinnamomea,-52.484444,-14.887222,1
2078,Vochysia cinnamomea,-46.0625,-14.4375,1
2079,Vochysia cinnamomea,-39.075278,-15.293333,1
2080,Vochysia cinnamomea,-59.855,-13.487222,1
2081,Vochysia cinnamomea,-59.04,-13.68,1
2082,Vochysia cinnamomea,-58.033333,-14.333333,1
2083,Vochysia cinnamomea,-56.8,-14.166667,1
2084,Vochysia cinnamomea,-55.416667,-14.283333,1
2085,Vochysia cinnamomea,-55.079722,-14.039722,1
2086,Vochysia cinnamomea,-53.304444,-13.516944,1
2087,Vochysia cinnamomea,-50.274444,-13.463889,1
2088,Vochysia cinnamomea,-49.292222,-14.198333,1
2089,Vochysia cinnamomea,-47.4,-13.95,1
2090,Vochysia cinnamomea,-46.272222,-13.692222,1
2091,Vochysia cinnamomea,-44.534444,-14.183889,1
2092,Vochysia cinnamomea,-60.419444,-12.478056,1
2093,Vochysia cinnamomea,-60.208889,-12.523889,1
2094,Vochysia cinnamomea,-58.216667,-13.016667,1
2095,Vochysia cinnamomea,-56.366667,-12.616667,1
2096,Vochysia cinnamomea,-56.216667,-12.416667,1
2097,Vochysia cinnamomea,-55.226111,-13.3,1
2098,Vochysia cinnamomea,-44.636667,-13.343333,1
2099,Vochysia cinnamomea,-60.5,-12.21666,1
2100,Vochysia cinnamomea,-60.12,-12.31,1
2101,Vochysia cinnamomea,-56.183333,-12.366667,1
2102,Vochysia cinnamomea,-50.983611,-11.573611,1
2103,Vochysia cinnamomea,-47.716667,-11.666667,1
2104,Vochysia cinnamomea,-52.8731,-10.8339,1
2105,Vochysia cinnamomea,-50.729167,-11.135556,1
2106,Vochysia cinnamomea,-47.97,-10.75,1
2107,Vochysia cinnamomea,-47.142222,-11.146667,1
2108,Vochysia cinnamomea,-48.364444,-10.215833,1
2109,Vochysia cinnamomea,-47.75,-8.566667,1
2110,Vochysia elliptica,-47.692937,-22.117632,1
2111,Vochysia elliptica,-52.090833,-20.283611,1
2112,Vochysia elliptica,-46.787675,-20.343759,1
2113,Vochysia elliptica,-44.298089,-20.003811,1
2114,Vochysia elliptica,-43.74472,-19.51361,1
2115,Vochysia elliptica,-54.54,-19.08,1
2116,Vochysia elliptica,-51.11175,-19.305333,1
2117,Vochysia elliptica,-48.303611,-18.990556,1
2118,Vochysia elliptica,-45.7525,-18.636111,1
2119,Vochysia elliptica,-45.040555,-18.540278,1
2120,Vochysia elliptica,-43.733333,-18.766667,1
2121,Vochysia elliptica,-42.594722,-19.221389,1
2122,Vochysia elliptica,-57.875,-18.204917,1
2123,Vochysia elliptica,-53.31,-18.234444,1
2124,Vochysia elliptica,-51.711944,-17.900278,1
2125,Vochysia elliptica,-48.65,-17.766667,1
2126,Vochysia elliptica,-47.816758,-17.963478,1
2127,Vochysia elliptica,-46.1725,-17.74278,1
2128,Vochysia elliptica,-44.4525,-18.192222,1
2129,Vochysia elliptica,-43.522444,-17.574806,1
2130,Vochysia elliptica,-52.614167,-16.473333,1
2131,Vochysia elliptica,-51.756111,-16.708333,1
2132,Vochysia elliptica,-50.425556,-16.785,1
2133,Vochysia elliptica,-48.589722,-16.630278,1
2134,Vochysia elliptica,-47.806111,-16.454722,1
2135,Vochysia elliptica,-47.038888,-17.092777,1
2136,Vochysia elliptica,-43.265111,-16.962194,1
2137,Vochysia elliptica,-42.34306,-16.80444,1
2138,Vochysia elliptica,-54.95,-15.983333,1
2139,Vochysia elliptica,-53.725556,-16.2125,1
2140,Vochysia elliptica,-50.383333,-16.183333,1
2141,Vochysia elliptica,-48.931944,-15.721667,1
2142,Vochysia elliptica,-47.9503,-16.2525,1
2143,Vochysia elliptica,-46.516944,-16.008611,1
2144,Vochysia elliptica,-45.379722,-15.494167,1
2145,Vochysia elliptica,-42.441388,-15.442222,1
2146,Vochysia elliptica,-47.52444,-14.70583,1
2147,Vochysia elliptica,-46.03,-14.87,1
2148,Vochysia elliptica,-44.628889,-14.935833,1
2149,Vochysia elliptica,-43.831667,-14.828889,1
2150,Vochysia elliptica,-42.573056,-14.745556,1
2151,Vochysia elliptica,-48.35,-13.45,1
2152,Vochysia elliptica,-47.516667,-14.116667,1
2153,Vochysia elliptica,-47.080556,-13.929444,1
2154,Vochysia elliptica,-45.921389,-13.719167,1
2155,Vochysia elliptica,-43.831667,-14.162222,1
2156,Vochysia elliptica,-42.516667,-14.259444,1
2157,Vochysia elliptica,-41.81139,-13.57917,1
2158,Vochysia elliptica,-48.4025,-12.791111,1
2159,Vochysia elliptica,-47.080556,-13.079444,1
2160,Vochysia elliptica,-42.753333,-13.086111,1
2161,Vochysia elliptica,-41.884167,-13.368611,1
2162,Vochysia elliptica,-47.88,-12.14,1
2163,Vochysia elliptica,-46.362222,-11.821389,1
2164,Vochysia elliptica,-42.680556,-12.0375,1
2165,Vochysia elliptica,-52.8731,-10.8339,1
2166,Vochysia elliptica,-46.885958,-11.199575,1
2167,Vochysia elliptica,-48.32,-10.206667,1
2168,Vochysia elliptica,-48.216667,-10.283333,1
2169,Vochysia elliptica,-43.487222,-9.223611,1
2170,Vochysia elliptica,-44.181389,-7.52,1
2171,Vochysia elliptica,-80.244222,-6.157528,1
2172,Vochysia rufa,-48.743278,-22.813944,1
2173,Vochysia rufa,-49.3925,-21.860278,1
2174,Vochysia rufa,-52.73,-20.48,1
2175,Vochysia rufa,-51.407222,-20.361111,1
2176,Vochysia rufa,-49.516667,-19.916667,1
2177,Vochysia rufa,-47.3972,-20.2394,1
2178,Vochysia rufa,-43.67,-19.42,1
2179,Vochysia rufa,-51.995278,-18.439444,1
2180,Vochysia rufa,-48.981056,-19.09978,1
2181,Vochysia rufa,-48.041757,-18.854535,1
2182,Vochysia rufa,-45.541944,-18.598056,1
2183,Vochysia rufa,-44.4042,-19.2744,1
2184,Vochysia rufa,-43.966667,-18.633333,1
2185,Vochysia rufa,-56.875,-18.204917,1
2186,Vochysia rufa,-53.307778,-18.234167,1
2187,Vochysia rufa,-52.611944,-18.010833,1
2188,Vochysia rufa,-52.134722,-17.448889,1
2189,Vochysia rufa,-50.8,-18.133333,1
2190,Vochysia rufa,-49.09917,-17.73111,1
2191,Vochysia rufa,-47.595277,-18.099166,1
2192,Vochysia rufa,-46.635833,-17.419444,1
2193,Vochysia rufa,-45.83306,-18.33833,1
2194,Vochysia rufa,-45.150833,-17.43356,1
2195,Vochysia rufa,-43.522667,-18.12203,1
2196,Vochysia rufa,-64.435,-16.7261,1
2197,Vochysia rufa,-62,-16.41666,1
2198,Vochysia rufa,-52.666667,-16.45,1
2199,Vochysia rufa,-51.945833,-16.941111,1
2200,Vochysia rufa,-50.627222,-16.992056,1
2201,Vochysia rufa,-49.41666,-17.31666,1
2202,Vochysia rufa,-48.533333,-16.766667,1
2203,Vochysia rufa,-47.62,-16.77,1
2204,Vochysia rufa,-46.46,-17.17,1
2205,Vochysia rufa,-46.009444,-17.009722,1
2206,Vochysia rufa,-45.216667,-16.833333,1
2207,Vochysia rufa,-43.304722,-16.62,1
2208,Vochysia rufa,-42.88944,-16.55944,1
2209,Vochysia rufa,-61.4666667,-15.8666667,1
2210,Vochysia rufa,-58.43333,-16.35,1
2211,Vochysia rufa,-57.674722,-16.073889,1
2212,Vochysia rufa,-57.213278,-15.657806,1
2213,Vochysia rufa,-55.834167,-15.408611,1
2214,Vochysia rufa,-54.3,-15.683333,1
2215,Vochysia rufa,-53.675,-16.3302778,1
2216,Vochysia rufa,-52.25,-15.883333,1
2217,Vochysia rufa,-51.817778,-15.780833,1
2218,Vochysia rufa,-50.496389,-16.1725,1
2219,Vochysia rufa,-49.56972,-15.81194,1
2220,Vochysia rufa,-48.763333,-15.8125,1
2221,Vochysia rufa,-47.327777,-15.918888,1
2222,Vochysia rufa,-46.433333,-16.083333,1
2223,Vochysia rufa,-46.09,-15.55,1
2224,Vochysia rufa,-44.6,-15.53,1
2225,Vochysia rufa,-42.770278,-15.903889,1
2226,Vochysia rufa,-39.266667,-15.729722,1
2227,Vochysia rufa,-62.05,-14.4167,1
2228,Vochysia rufa,-60.8,-14.58333,1
2229,Vochysia rufa,-60.061111,-14.905555,1
2230,Vochysia rufa,-58.666667,-14.916667,1
2231,Vochysia rufa,-56.345,-15.121389,1
2232,Vochysia rufa,-55.840833,-15.301111,1
2233,Vochysia rufa,-54.040833,-15.230556,1
2234,Vochysia rufa,-52.33,-14.73,1
2235,Vochysia rufa,-50.5125,-15.23125,1
2236,Vochysia rufa,-49.4267,-15.2981,1
2237,Vochysia rufa,-48.4597,-14.4739,1
2238,Vochysia rufa,-47.549167,-15.278889,1
2239,Vochysia rufa,-46.783055,-14.5225,1
2240,Vochysia rufa,-45.95417,-15.34583,1
2241,Vochysia rufa,-45.1,-15.29,1
2242,Vochysia rufa,-60.81444,-13.90611,1
2243,Vochysia rufa,-60.188611,-13.689167,1
2244,Vochysia rufa,-58.755278,-14.315556,1
2245,Vochysia rufa,-58.033333,-14.333333,1
2246,Vochysia rufa,-54.72,-14.04,1
2247,Vochysia rufa,-51.81,-13.983056,1
2248,Vochysia rufa,-49.291389,-14.198333,1
2249,Vochysia rufa,-48.283333,-14.016666,1
2250,Vochysia rufa,-48.056944,-14.206111,1
2251,Vochysia rufa,-46.35666667,-14.11111111,1
2252,Vochysia rufa,-45.818056,-14,1
2253,Vochysia rufa,-44.48,-13.703611,1
2254,Vochysia rufa,-42.322778,-13.734444,1
2255,Vochysia rufa,-67.25,-13.08333,1
2256,Vochysia rufa,-66.6925,-13.21944,1
2257,Vochysia rufa,-64.112221,-12.68583,1
2258,Vochysia rufa,-59.026389,-13.354444,1
2259,Vochysia rufa,-53.566667,-13.2,1
2260,Vochysia rufa,-51.87,-12.9,1
2261,Vochysia rufa,-50.503333,-13.122778,1
2262,Vochysia rufa,-49.771667,-12.561667,1
2263,Vochysia rufa,-47.4725,-12.397222,1
2264,Vochysia rufa,-46.457222,-13.053889,1
2265,Vochysia rufa,-45.75,-13,1
2266,Vochysia rufa,-44.764556,-13.196194,1
2267,Vochysia rufa,-60.2949,-12.2907,1
2268,Vochysia rufa,-50.943889,-11.580278,1
2269,Vochysia rufa,-49.725833,-12.051111,1
2270,Vochysia rufa,-48.749167,-11.735556,1
2271,Vochysia rufa,-48.06,-12.06,1
2272,Vochysia rufa,-46.51361,-11.63917,1
2273,Vochysia rufa,-45.214444,-12.165278,1
2274,Vochysia rufa,-65.75,-11.08333,1
2275,Vochysia rufa,-52.8731,-10.8339,1
2276,Vochysia rufa,-50.6692,-11.2222,1
2277,Vochysia rufa,-48.333333,-10.666667,1
2278,Vochysia rufa,-47.390833,-11.363056,1
2279,Vochysia rufa,-46.906667,-11.128056,1
2280,Vochysia rufa,-49.6,-9.8,1
2281,Vochysia rufa,-48.333333,-10.333333,1
2282,Vochysia rufa,-47.540278,-10.025278,1
2283,Vochysia rufa,-46.476389,-10.205833,1
2284,Vochysia rufa,-62.556667,-8.500006,1
2285,Vochysia rufa,-61.41666,-8.66666,1
2286,Vochysia rufa,-47.52,-9.36,1
2287,Vochysia rufa,-46.064444,-9.341389,1
2288,Vochysia rufa,-42.036389,-9.115,1
2289,Vochysia rufa,-50.1,-8.05,1
2290,Vochysia rufa,-47.42,-7.18,1
2291,Vochysia rufa,-46.663056,-1.163056,1
2292,Vochysia thyrsoidea,-48.78,-27.72,1
2293,Vochysia thyrsoidea,-49.450278,-26.760556,1
2294,Vochysia thyrsoidea,-45.534167,-23.451111,1
2295,Vochysia thyrsoidea,-44.961889,-21.728389,1
2296,Vochysia thyrsoidea,-54.616667,-20.45,1
2297,Vochysia thyrsoidea,-46.634167,-20.940528,1
2298,Vochysia thyrsoidea,-45.3333333,-20.7833333,1
2299,Vochysia thyrsoidea,-44.500569,-21.270161,1
2300,Vochysia thyrsoidea,-43.589444,-20.461389,1
2301,Vochysia thyrsoidea,-46.523194,-20.297861,1
2302,Vochysia thyrsoidea,-46,-20,1
2303,Vochysia thyrsoidea,-44.340972,-20.12,1
2304,Vochysia thyrsoidea,-43.701389,-20.1045,1
2305,Vochysia thyrsoidea,-53.990556,-18.641944,1
2306,Vochysia thyrsoidea,-46.764654,-18.651607,1
2307,Vochysia thyrsoidea,-44.307778,-18.553889,1
2308,Vochysia thyrsoidea,-43.818611,-18.778333,1
2309,Vochysia thyrsoidea,-41.360058,-19.329847,1
2310,Vochysia thyrsoidea,-45.782778,-18.086944,1
2311,Vochysia thyrsoidea,-44.324444,-18.067778,1
2312,Vochysia thyrsoidea,-43.728611,-18.283333,1
2313,Vochysia thyrsoidea,-43.196528,-17.97925,1
2314,Vochysia thyrsoidea,-52.253333,-16.6375,1
2315,Vochysia thyrsoidea,-48.381667,-16.531389,1
2316,Vochysia thyrsoidea,-47.61333,-16.76861,1
2317,Vochysia thyrsoidea,-44.808333,-16.595278,1
2318,Vochysia thyrsoidea,-42.891356,-16.534724,1
2319,Vochysia thyrsoidea,-39.05,-16.433333,1
2320,Vochysia thyrsoidea,-48.881111,-15.779722,1
2321,Vochysia thyrsoidea,-47.9,-15.73,1
2322,Vochysia thyrsoidea,-42.475277,-15.481111,1
2323,Vochysia thyrsoidea,-42.183333,-16.2,1
2324,Vochysia thyrsoidea,-46,-15.364722,1
2325,Vochysia thyrsoidea,-42.692222,-15.373611,1
2326,Vochysia thyrsoidea,-41.875833,-15.106389,1
2327,Vochysia thyrsoidea,-47.50972,-14.1325,1
2328,Vochysia thyrsoidea,-46.998889,-13.832222,1
2329,Vochysia thyrsoidea,-45.921389,-13.719167,1
2330,Vochysia thyrsoidea,-44.197778,-14.234722,1
2331,Vochysia thyrsoidea,-42.483333,-14.116667,1
2332,Vochysia thyrsoidea,-41.879583,-13.540778,1
2333,Vochysia thyrsoidea,-38.99667,-14.27778,1
2334,Vochysia thyrsoidea,-45.75,-13.233333,1
2335,Vochysia thyrsoidea,-43.198056,-13.196944,1
2336,Vochysia thyrsoidea,-41.85,-13.333,1
2337,Vochysia thyrsoidea,-39.526944,-12.77,1
2338,Vochysia thyrsoidea,-38.316667,-12.683333,1
2339,Vochysia thyrsoidea,-48,-12,1
2340,Vochysia thyrsoidea,-45.833056,-12.224167,1
2341,Vochysia thyrsoidea,-44.966667,-12.35,1
2342,Vochysia thyrsoidea,-41.297222,-11.556944,1
2343,Vochysia thyrsoidea,-41.083333,-12.016667,1
2344,Vochysia thyrsoidea,-52.8731,-10.8339,1
2345,Vochysia thyrsoidea,-41.3,-11.33,1
2346,Vochysia thyrsoidea,-40.481944,-11.206667,1
2347,Vochysia thyrsoidea,-40.0025,-11.011667,1
2348,Vochysia thyrsoidea,-37.425,-10.685278,1
2349,Vochysia thyrsoidea,-41.333,-10.367,1
2350,Vochysia thyrsoidea,-40.265833,-10.242778,1
2351,Vochysia thyrsoidea,-40.208305,-10.368555,1
2352,Vochysia thyrsoidea,-36.786389,-9.541361,1
2353,Vochysia thyrsoidea,-36.3825,-9.225,1
2354,Vochysia thyrsoidea,-39.409167,-7.234444,1
2355,Vochysia thyrsoidea,-72.471944,7.134889,1
2356,Vochysia tucanorum,-50.233333,-25.433333,1
2357,Vochysia tucanorum,-57,-25,1
2358,Vochysia tucanorum,-55.11666,-24.96666,1
2359,Vochysia tucanorum,-53.666778,-25.073806,1
2360,Vochysia tucanorum,-47.8811,-24.715,1
2361,Vochysia tucanorum,-55.341421,-23.995827,1
2362,Vochysia tucanorum,-55.1414,-24.231797,1
2363,Vochysia tucanorum,-53.8,-23.516667,1
2364,Vochysia tucanorum,-52.38306,-24.04583,1
2365,Vochysia tucanorum,-50.7411,-23.7275,1
2366,Vochysia tucanorum,-49.6599,-24.1714,1
2367,Vochysia tucanorum,-48.7164,-23.8411,1
2368,Vochysia tucanorum,-48.04972,-23.59028,1
2369,Vochysia tucanorum,-47.076,-23.6928,1
2370,Vochysia tucanorum,-46.207829,-23.484887,1
2371,Vochysia tucanorum,-45.0711,-23.4339,1
2372,Vochysia tucanorum,-58.1689,-23.2025,1
2373,Vochysia tucanorum,-57,-23,1
2374,Vochysia tucanorum,-56,-23,1
2375,Vochysia tucanorum,-53.247611,-23.240861,1
2376,Vochysia tucanorum,-53.113222,-22.722917,1
2377,Vochysia tucanorum,-51.2917,-22.4492,1
2378,Vochysia tucanorum,-51.2346,-22.4837,1
2379,Vochysia tucanorum,-49.4303,-22.6922,1
2380,Vochysia tucanorum,-48.8675,-22.651111,1
2381,Vochysia tucanorum,-47.9139,-22.5486,1
2382,Vochysia tucanorum,-46.695833,-23.355833,1
2383,Vochysia tucanorum,-46.059801,-22.73214,1
2384,Vochysia tucanorum,-45.1761,-22.6136,1
2385,Vochysia tucanorum,-56.48333,-22.1,1
2386,Vochysia tucanorum,-51.566667,-22.016667,1
2387,Vochysia tucanorum,-51.2087,-22.1702,1
2388,Vochysia tucanorum,-49.9451,-21.4,1
2389,Vochysia tucanorum,-48.9604,-22.3233,1
2390,Vochysia tucanorum,-47.8167,-21.6667,1
2391,Vochysia tucanorum,-46.3861,-21.9236,1
2392,Vochysia tucanorum,-46.16666,-21.46666,1
2393,Vochysia tucanorum,-44.98528,-21.72222,1
2394,Vochysia tucanorum,-43.79306,-21.84278,1
2395,Vochysia tucanorum,-42.91,-21.700556,1
2396,Vochysia tucanorum,-59.88,-20.94,1
2397,Vochysia tucanorum,-59,-21,1
2398,Vochysia tucanorum,-54.602207,-20.51327,1
2399,Vochysia tucanorum,-50.4328,-21.2089,1
2400,Vochysia tucanorum,-49.9288,-21.3682,1
2401,Vochysia tucanorum,-48.9072,-21.1858,1
2402,Vochysia tucanorum,-47.7497,-21.1654,1
2403,Vochysia tucanorum,-46.540278,-20.488889,1
2404,Vochysia tucanorum,-45.677688,-21.000562,1
2405,Vochysia tucanorum,-45,-21.333333,1
2406,Vochysia tucanorum,-44.17806,-21.11056,1
2407,Vochysia tucanorum,-54.36,-19.98,1
2408,Vochysia tucanorum,-51.407222,-20.361111,1
2409,Vochysia tucanorum,-49.500278,-20.288333,1
2410,Vochysia tucanorum,-47.3972,-20.2394,1
2411,Vochysia tucanorum,-46.52,-20.316667,1
2412,Vochysia tucanorum,-44.465833,-20.220278,1
2413,Vochysia tucanorum,-43.772778,-19.96,1
2414,Vochysia tucanorum,-52.388889,-18.768611,1
2415,Vochysia tucanorum,-51.448611,-18.720278,1
2416,Vochysia tucanorum,-51.06666,-18.6,1
2417,Vochysia tucanorum,-49.7864,-19.2133,1
2418,Vochysia tucanorum,-48.388889,-19.155556,1
2419,Vochysia tucanorum,-48.073333,-19.106111,1
2420,Vochysia tucanorum,-47.140555,-18.9325,1
2421,Vochysia tucanorum,-44.40417,-19.27444,1
2422,Vochysia tucanorum,-43.65556,-18.44583,1
2423,Vochysia tucanorum,-61.5,-17.5,1
2424,Vochysia tucanorum,-59.5,-18.38,1
2425,Vochysia tucanorum,-52.885556,-17.437778,1
2426,Vochysia tucanorum,-51.8833333,-17.8333333,1
2427,Vochysia tucanorum,-51.156111,-18.125278,1
2428,Vochysia tucanorum,-48.7,-17.716667,1
2429,Vochysia tucanorum,-47.94639,-18.16583,1
2430,Vochysia tucanorum,-46.816667,-17.959444,1
2431,Vochysia tucanorum,-45.78,-18.131667,1
2432,Vochysia tucanorum,-43.705,-18.182222,1
2433,Vochysia tucanorum,-39.708333,-18.091111,1
2434,Vochysia tucanorum,-64.435,-16.7261,1
2435,Vochysia tucanorum,-51.8103,-16.9567,1
2436,Vochysia tucanorum,-50.833333,-17.25,1
2437,Vochysia tucanorum,-48.633333,-16.716667,1
2438,Vochysia tucanorum,-48.0125,-16.7184,1
2439,Vochysia tucanorum,-43.5885,-16.81875,1
2440,Vochysia tucanorum,-42.945722,-16.836556,1
2441,Vochysia tucanorum,-41.686658,-16.421578,1
2442,Vochysia tucanorum,-39.239444,-16.559722,1
2443,Vochysia tucanorum,-55.480366,-15.601926,1
2444,Vochysia tucanorum,-50.040917,-16.007778,1
2445,Vochysia tucanorum,-49.182694,-16.375,1
2446,Vochysia tucanorum,-47.95028,-16.25278,1
2447,Vochysia tucanorum,-47.036389,-15.435833,1
2448,Vochysia tucanorum,-42.731389,-15.579722,1
2449,Vochysia tucanorum,-41.791111,-15.755833,1
2450,Vochysia tucanorum,-60.76666,-14.66666,1
2451,Vochysia tucanorum,-47.5247,-14.7056,1
2452,Vochysia tucanorum,-45.75777778,-15.1225,1
2453,Vochysia tucanorum,-42.64,-15.08,1
2454,Vochysia tucanorum,-40.83917,-14.86611,1
2455,Vochysia tucanorum,-48.3,-13.783333,1
2456,Vochysia tucanorum,-47.610278,-14.174444,1
2457,Vochysia tucanorum,-46.975556,-13.85,1
2458,Vochysia tucanorum,-41.9625,-13.511944,1
2459,Vochysia tucanorum,-40.43056,-13.44111,1
2460,Vochysia tucanorum,-55.929878,-13.163117,1
2461,Vochysia tucanorum,-42.368611,-13.112222,1
2462,Vochysia tucanorum,-41.883333,-13.366667,1
2463,Vochysia tucanorum,-41.2027,-12.5918,1
2464,Vochysia tucanorum,-44.979722,-12.162222,1
2465,Vochysia tucanorum,-41.332778,-12.096111,1
2466,Vochysia tucanorum,-55.523056,-10.992222,1
2467,Vochysia tucanorum,-52.8731,-10.8339,1
2468,Vochysia tucanorum,-55,-10,1
2469,Vochysia tucanorum,-45.019986,-6.697783,1
2470,Vochysia tucanorum,-44.269275,-2.574717,1
